id,codigo_e,nombre_limpio,pubchem_cid,pubchem_synonyms,id_original,nombre_referencia,cluster
en:e333ii,E333II,dicalcium citrate,,,0,dicalcium citrate,0
en:e321,E321,butylated hydroxytoluene,31404.0,"2,6-Di-tert-butyl-4-methylphenol|128-37-0|Butylhydroxytoluene|2,6-Di-tert-butyl-p-cresol|2,6-Di-t-butyl-4-methylphenol",1,butylated hydroxytoluene,0
en:e345,E345,magnesium citrate,8949.0,Magnesium citrate dibasic|magnesium hydrogen citrate|144-23-0|Citresia|Citronema,2,magnesium citrate,0
en:e303,E303,potassium ascorbate,23687519.0,Potassium ascorbate|Potassium L-ascorbate|15421-15-5|Monopotassium ascorbate|UNII-X5523762RI,3,potassium ascorbate,0
en:e1104,E1104,lipase,4062885.0,ethyl 2-amino-5-methylthiophene-3-carboxylate|4815-32-1|DTXSID60398910|RefChem:138570|DTXCID00349769,4,lipase,3
en:e501,E501,potassium carbonates,516893.0,Potassium bicarbonate|298-14-6|Potassium hydrogen carbonate|Potassium hydrogencarbonate|Potassium acid carbonate,5,potassium carbonates,0
en:e490,E490,propylene glycol,1030.0,"propylene glycol|1,2-propanediol|propane-1,2-diol|57-55-6|1,2-Propylene glycol",6,propylene glycol,0
en:e490,E490,propylene glycol,1030.0,"propylene glycol|1,2-propanediol|propane-1,2-diol|57-55-6|1,2-Propylene glycol",155,propylene glycol,2
en:e1520,E1520,propylene glycol,1030.0,"propylene glycol|1,2-propanediol|propane-1,2-diol|57-55-6|1,2-Propylene glycol",6,propylene glycol,0
en:e1520,E1520,propylene glycol,1030.0,"propylene glycol|1,2-propanediol|propane-1,2-diol|57-55-6|1,2-Propylene glycol",155,propylene glycol,2
en:e523,E523,aluminium ammonium sulphate,,,7,aluminium ammonium sulphate,2
en:e401,E401,sodium alginate,,,8,sodium alginate,0
en:e103,E103,alkannin,72521.0,Alkannin|Anchusin|Alkanna Red|Anchusa acid|075CRZ9995,9,alkannin,3
en:e121,E121,citrus red 2,,,10,citrus red 2,3
en:e624,E624,monoammonium glutamate,,,11,monoammonium glutamate,2
en:e1452,E1452,starch aluminium octenyl succinate,,,12,starch aluminium octenyl succinate,2
en:e342,E342,ammonium phosphate,,,13,ammonium phosphate,0
en:e1105,E1105,lysozyme,,,14,lysozyme,0
en:e170ii,E170II,calcium hydrogen carbonate,,,15,calcium hydrogen carbonate,3
en:e968,E968,erythritol,222285.0,ERYTHRITOL|meso-Erythritol|149-32-6|Phycitol|Erythrit,16,erythritol,2
en:e556,E556,calcium aluminium silicate,,,17,calcium aluminium silicate,2
en:e317,E317,erythorbin acid,,,18,erythorbin acid,1
en:e142,E142,green s,,,19,green s,3
en:e1422,E1422,acetylated distarch adipate,6438196.0,106185-75-5|Sandranol|Bacdanol|6IHW4TX869|J647.437C,20,acetylated distarch adipate,2
en:e932,E932,nitrogen oxide,,,21,nitrogen oxide,2
en:e161e,E161E,violaxanthin,,,22,violaxanthin,3
en:e629,E629,calcium guanylate,,,23,calcium guanylate,2
en:e636,E636,maltol,8369.0,MALTOL|118-71-8|3-Hydroxy-2-methyl-4H-pyran-4-one|3-Hydroxy-2-methyl-4-pyrone|Larixinic acid,24,maltol,2
en:e249,E249,potassium nitrite,516910.0,"POTASSIUM NITRITE|7758-09-0|Nitrous acid, potassium salt|Potassium nitrite (1:1)|DTXSID5042320",25,potassium nitrite,0
en:e492,E492,sorbitan tristearate,17800859.0,"Sorbester P38|SCHEMBL30265060|CHEBI:185339|Sorbitan tristearate, BAN, USAN|Sorbitan tristearate [USAN:BAN:INN]",26,sorbitan tristearate,3
en:e211,E211,sodium benzoate,517055.0,"sodium benzoate|532-32-1|Sobenate|Antimol|Benzoic acid, sodium salt",27,sodium benzoate,3
en:e340,E340,potassium phosphates,,,28,potassium phosphates,0
en:e172ii,E172II,red iron oxide,,,29,red iron oxide,0
en:e440aii,E440AII,sodium pectate,,,30,sodium pectate,0
en:e140,E140,chlorophylls and chlorophyllins,,,31,chlorophylls and chlorophyllins,3
en:e1402,E1402,alkaline modified starch,,,32,alkaline modified starch,2
en:e916,E916,calcium iodate,464990.0,E916|SCHEMBL6012691|CHEMBL1173134|CHEMBL1200254|BDBM50322274,33,calcium iodate,2
en:e262i,E262I,sodium acetate,,,34,sodium acetate,0
en:e495,E495,sorbitan monopalmitate,4122814.0,"DTXSID80860361|3,6-Anhydro-1-O-hexadecanoylhexitol|RefChem:272233|DTXCID30209468|NOCAS_860361",35,sorbitan monopalmitate,0
en:e930,E930,calcium peroxide,,,36,calcium peroxide,2
en:e227,E227,calcium bisulphite,,,37,calcium bisulphite,0
en:e526,E526,calcium hydroxide,,,38,calcium hydroxide,2
en:e426,E426,soybean hemicellulose,,,39,soybean hemicellulose,2
en:e580,E580,magnesium gluconate,,,40,magnesium gluconate,0
en:e338,E338,phosphoric acid,1004.0,Phosphoric acid|7664-38-2|ORTHOPHOSPHORIC ACID|o-Phosphoric acid|Wc-reiniger,41,phosphoric acid,0
en:e162,E162,beetroot red,90657360.0,E162|betanidin 5-O-beta-glucoside|CTMLKIKAUFEMLE-FTNGGYTGSA-L,42,beetroot red,3
en:e106,E106,flavin mononucleotide,23666409.0,130-40-5|riboflavin sodium phosphate|RIBOFLAVIN PHOSPHATE SODIUM|Riboflavin-5-phosphate sodium|Photrexa,43,flavin mononucleotide,3
en:e948,E948,oxygen,977.0,oxygen|Molecular oxygen|oxygen molecule|Dioxygen|7782-44-7,44,oxygen,1
en:e999,E999,quillaia extract,,,45,quillaia extract,2
en:e336ii,E336II,dipotassium tartrate,,,46,dipotassium tartrate,0
en:e160a,E160A,carotene,5280489.0,"beta-carotene|7235-40-7|beta Carotene|beta,beta-Carotene|Betacarotene",47,carotene,3
en:e306,E306,tocopherol-rich extract,,,48,tocopherol-rich extract,0
en:e165,E165,gardenia blue,,,49,gardenia blue,3
en:e351,E351,potassium malate,,,50,potassium malate,0
en:e365,E365,sodium fumarate,6076814.0,"Sodium fumarate|7704-73-6|mafusol|Fumaric acid, sodium salt|F11949924I",51,sodium fumarate,0
en:e151,E151,brilliant black bn,17294.0,13699-36-0|Black BN|Blue Black BN|Brilliant Black A|Food black 1,52,brilliant black bn,3
en:e161d,E161D,rubixanthin,5281252.0,"Rubixanthin|Natural yellow 27|(3R)-beta,psi-caroten-3-ol|UNII-0PWJ89032Q|CI 75135",53,rubixanthin,3
en:e640ii,E640II,sodiumglycinate,,,54,sodiumglycinate,2
en:e553,E553,magnesium silicates,,,55,magnesium silicates,2
en:e1100,E1100,alpha-amylase,77645.0,Ethyl 5-methyl-1H-pyrazole-3-carboxylate|EINECS 223-702-0|DTXSID50193259|NSC 44006|NSC 62433,56,alpha-amylase,0
en:e907,E907,hydrogenated poly-1-decene,,,57,hydrogenated poly-1-decene,2
en:e482,E482,calcium stearoyl-2-lactylate,,,58,calcium stearoyl-2-lactylate,2
en:e150d,E150D,sulphite ammonia caramel,,,59,sulphite ammonia caramel,1
en:e160,E160,carotenoids,,,60,carotenoids,3
en:e504ii,E504II,magnesium hydroxide carbonate,,,61,magnesium hydroxide carbonate,2
en:e633,E633,calcium inosinate,,,62,calcium inosinate,2
en:e264,E264,ammonium acetate,517165.0,"AMMONIUM ACETATE|631-61-8|Acetic acid, ammonium salt|acetic acid ammonium salt|RRE756S6Q2",63,ammonium acetate,3
en:e434,E434,polyoxyethylene sorbitan monopalmitate,,,64,polyoxyethylene sorbitan monopalmitate,2
en:e913,E913,lanolin,491774.0,"E913|342394-93-8|E 913|1,4,9-Triazaspiro(5.5)undecane-2,5-dione, 1-butyl-3-(cyclohexylmethyl)-9-((2,3-dihydro-1,4-benzodioxin-6-yl)methyl)-|1-butyl-3-(cyclohexylmethyl)-9-(2,3-dihydro-1,4-benzodioxin-6-ylmethyl)-1,4,9-triazaspiro[5.5]undecane-2,5-dione",65,lanolin,2
en:e1208,E1208,polyvinylpyrrolidone-vinyl acetate copolymer,6618886.0,1-(Ethoxycarbonyl)-4-piperidinecarboxylic acid|RefChem:427773|834-910-1|1-(ethoxycarbonyl)piperidine-4-carboxylic acid|118133-15-6,66,polyvinylpyrrolidone-vinyl acetate copolymer,2
xx:e364,E364,desconocido,,,67,desconocido,0
xx:e364,E364,desconocido,,,117,desconocido,0
xx:e364,E364,desconocido,,,245,desconocido,0
xx:e364,E364,desconocido,,,396,desconocido,0
xx:e364,E364,desconocido,,,569,desconocido,0
xx:e389,E389,desconocido,,,67,desconocido,0
xx:e389,E389,desconocido,,,117,desconocido,0
xx:e389,E389,desconocido,,,245,desconocido,0
xx:e389,E389,desconocido,,,396,desconocido,0
xx:e389,E389,desconocido,,,569,desconocido,0
xx:e390,E390,desconocido,,,67,desconocido,0
xx:e390,E390,desconocido,,,117,desconocido,0
xx:e390,E390,desconocido,,,245,desconocido,0
xx:e390,E390,desconocido,,,396,desconocido,0
xx:e390,E390,desconocido,,,569,desconocido,0
xx:e386,E386,desconocido,8759.0,139-33-3|EDTA disodium salt|Disodium EDTA|Edta disodium|Titriplex III,67,desconocido,0
xx:e386,E386,desconocido,8759.0,139-33-3|EDTA disodium salt|Disodium EDTA|Edta disodium|Titriplex III,117,desconocido,0
xx:e386,E386,desconocido,8759.0,139-33-3|EDTA disodium salt|Disodium EDTA|Edta disodium|Titriplex III,245,desconocido,0
xx:e386,E386,desconocido,8759.0,139-33-3|EDTA disodium salt|Disodium EDTA|Edta disodium|Titriplex III,396,desconocido,0
xx:e386,E386,desconocido,8759.0,139-33-3|EDTA disodium salt|Disodium EDTA|Edta disodium|Titriplex III,569,desconocido,0
xx:e387,E387,desconocido,,,67,desconocido,0
xx:e387,E387,desconocido,,,117,desconocido,0
xx:e387,E387,desconocido,,,245,desconocido,0
xx:e387,E387,desconocido,,,396,desconocido,0
xx:e387,E387,desconocido,,,569,desconocido,0
en:e553a,E553A,synthetic magnesium silicates,,,68,synthetic magnesium silicates,2
en:e585,E585,ferrous lactate,,,69,ferrous lactate,2
en:e485,E485,sodium stearoyl fumarate,,,70,sodium stearoyl fumarate,0
en:e539,E539,sodium thiosulfate,61475.0,"SODIUM THIOSULFATE PENTAHYDRATE|10102-17-7|Disodium thiosulfate pentahydrate|Sodium thiosulfate, pentahydrate|Thiosulfuric acid (H2S2O3), disodium salt, pentahydrate",71,sodium thiosulfate,2
en:e440a,E440A,pectin,,,72,pectin,0
en:e1403,E1403,bleached starch,12550531.0,73232-07-2|DTXSID10502227|Ethyl 2-((ethoxycarbonothioyl)sulfanyl)propanoate|Ethyl 2-[(ethoxycarbonothioyl)sulfanyl]propanoate|RefChem:1084746,73,bleached starch,2
en:e442,E442,ammonium phosphatides,,,74,ammonium phosphatides,2
en:e163e,E163E,peonidin,,,75,peonidin,1
en:e542,E542,bone phosphate,,,76,bone phosphate,2
en:e160c,E160C,paprika extract,,,77,paprika extract,3
en:e356,E356,sodium adipate,24073.0,"Sodium adipate|Disodium adipate|7486-38-6|Hexanedioic acid, disodium salt|ADIPIC ACID, DISODIUM SALT",78,sodium adipate,0
en:e517,E517,ammonium sulphate,,,79,ammonium sulphate,0
en:e417,E417,tara gum,,,80,tara gum,0
en:e323,E323,anoxomer,,,81,anoxomer,0
en:e301,E301,sodium ascorbate,23667548.0,SODIUM ASCORBATE|134-03-2|L-Ascorbic acid sodium salt|Sodium L-ascorbate|Vitamin C sodium,82,sodium ascorbate,0
en:e331ii,E331II,disodium citrate,,,83,disodium citrate,0
en:e101,E101,riboflavin,493570.0,riboflavin|vitamin B2|83-88-5|Riboflavine|Lactoflavin,84,riboflavin,3
en:e101,E101,riboflavin,493570.0,riboflavin|vitamin B2|83-88-5|Riboflavine|Lactoflavin,310,riboflavin,3
en:e101i,E101I,riboflavin,,,84,riboflavin,3
en:e101i,E101I,riboflavin,,,310,riboflavin,3
en:e123,E123,amaranth,13506.0,AMARANTH|915-67-3|Acid red 27|Azorubin S|Bordeaux S,85,amaranth,3
en:e445,E445,glycerol esters of wood rosin,,,86,glycerol esters of wood rosin,0
en:e421,E421,mannitol,6251.0,D-mannitol|mannitol|69-65-8|Mannite|Osmitrol,87,mannitol,3
en:e503,E503,ammonium carbonates,,,88,ammonium carbonates,0
en:e521,E521,aluminium sodium sulphate,,,89,aluminium sodium sulphate,0
en:e403,E403,ammonium alginate,,,90,ammonium alginate,0
en:e545,E545,ammonium polyphosphate,,,91,ammonium polyphosphate,0
en:e545,E545,ammonium polyphosphate,,,302,ammonium polyphosphate,2
en:e452v,E452V,ammonium polyphosphate,,,91,ammonium polyphosphate,0
en:e452v,E452V,ammonium polyphosphate,,,302,ammonium polyphosphate,2
en:e957,E957,thaumatin,,,92,thaumatin,2
en:e332i,E332I,monopotassium citrate,,,93,monopotassium citrate,0
en:e964,E964,polyglycitol syrup,,,94,polyglycitol syrup,2
en:e1423,E1423,acetylated distarch glycerol,9922512.0,"(S)-Ethyl 2-((S)-4-methyl-2,5-dioxooxazolidin-3-yl)-4-phenylbutanoate|ethyl (2S)-2-[(4S)-4-methyl-2,5-dioxo-1,3-oxazolidin-3-yl]-4-phenylbutanoate|NQ2ZF6YUH8|N-[1-(S)-(+)-Ethoxycarbonyl-3-phenylpropyl]-L-alanyl carboxyanhydride|DTXSID10432893",95,acetylated distarch glycerol,2
en:e540,E540,dicalcium diphosphate,,,96,dicalcium diphosphate,0
en:e540,E540,dicalcium diphosphate,,,426,dicalcium diphosphate,3
en:e450vi,E450VI,dicalcium diphosphate,,,96,dicalcium diphosphate,0
en:e450vi,E450VI,dicalcium diphosphate,,,426,dicalcium diphosphate,3
en:e1441,E1441,hydroxy propyl distarch glycerine,9855712.0,p-(1-Ethoxyethoxy)styrene|DTXSID40431834|RefChem:1094132|DTXCID30382664|1-(1-Ethoxyethoxy)-4-vinylbenzene,97,hydroxy propyl distarch glycerine,2
en:e440,E440,pectins,,,98,pectins,0
en:e392,E392,extracts of rosemary,,,99,extracts of rosemary,0
en:e101a,E101A,e101a food additive,643976.0,flavin mononucleotide|146-17-8|Vitamin B2 phosphate|Riboflavin 5'-phosphate|RIBOFLAVIN PHOSPHATE,100,e101a food additive,3
en:e969,E969,advantame,56843846.0,Advantame|714229-20-6|Advantame monohydrate|UNII-3ZA6810AWX|3ZA6810AWX,101,advantame,2
en:e335i,E335I,monosodium tartrate,,,102,monosodium tartrate,0
en:e213,E213,calcium benzoate,62425.0,"Calcium benzoate|2090-05-3|Calcium dibenzoate|Benzoic acid, calcium salt|3QDE968MKD",103,calcium benzoate,0
en:e628,E628,dipotassium guanylate,135565913.0,Dipotassium 5'-guanylate|3254-39-5|Dipotassium guanylate|UNII-R87C8160YV|R87C8160YV,104,dipotassium guanylate,2
en:e235,E235,natamycin,22523776.0,"891894-69-2|E235|e235-1756|N-(1-benzylpiperidin-4-yl)-2-(4-fluorophenyl)imidazo[2,1-b][1,3]benzothiazole-6-carboxamide|E 235",105,natamycin,0
en:e553aii,E553AII,magnesium trisilicate,,,106,magnesium trisilicate,2
en:e465,E465,ethyl methyl cellulose,,,107,ethyl methyl cellulose,0
en:e353,E353,metatartaric acid,,,108,metatartaric acid,0
en:e551,E551,silicon dioxide,24261.0,SILICON DIOXIDE|Silica|Dioxosilane|7631-86-9|Silicic anhydride,109,silicon dioxide,0
en:e451,E451,triphosphates,,,110,triphosphates,0
en:e163d,E163D,pelargonidin,,,111,pelargonidin,1
en:e153,E153,vegetable carbon,,,112,vegetable carbon,3
en:e126,E126,ponceau 6r,136114690.0,CHEMBL368082|E126|Q596946,113,ponceau 6r,1
en:e180,E180,litholrubine bk,22139.0,Litholrubine BK|3-hydroxy-4-[(4-methyl-2-sulphophenyl)azo]-2-naphthoic acid|3-Hydroxy-4-((4-methyl-2-sulphophenyl)azo)-2-naphthoic acid|3-Hydroxy-4-[2-(4-methyl-2-sulfophenyl)diazenyl]-2-naphthalenecarboxylic acid|3-Hydroxy-4-(2-(4-methyl-2-sulfophenyl)diazenyl)-2-naphthalenecarboxylic acid,114,litholrubine bk,3
en:e232,E232,sodium orthophenyl phenol,517383.0,"E232|RefChem:1084025|6152-33-6|2-Phenylphenol sodium salt tetrahydrate|Sodium, (2-biphenylyloxy)-, tetrahydrate",115,sodium orthophenyl phenol,0
en:e406,E406,agar,,,116,agar,3
en:e462,E462,ethyl cellulose,,,118,ethyl cellulose,2
en:e380,E380,triammonium citrate,,,119,triammonium citrate,0
en:e326,E326,potassium lactate,23671663.0,"POTASSIUM LACTATE|996-31-6|potassium 2-hydroxypropanoate|Monopotassium lactate|Lactic acid, potassium salt",120,potassium lactate,0
en:e284,E284,boric acid,,,121,boric acid,0
en:e477,E477,propane-1‚2-diol esters of fatty acids,,,122,propane-1‚2-diol esters of fatty acids,0
en:e577,E577,potassium gluconate,,,123,potassium gluconate,2
en:e538,E538,calcium ferrocyanide,,,124,calcium ferrocyanide,2
en:e927a,E927A,azodicarbonamide,5462814.0,Azodicarbonamide|Azodicarboxamide|Diazenedicarboxamide|Azobisformamide|Azodiformamide,125,azodicarbonamide,2
en:e515ii,E515II,potassium hydrogen sulphate,,,126,potassium hydrogen sulphate,0
en:e339,E339,sodium phosphates,23672064.0,"7558-80-7|Monosodium phosphate|SODIUM DIHYDROGEN PHOSPHATE|Sodium acid phosphate|Sodium phosphate, monobasic",127,sodium phosphates,0
en:e911,E911,fatty acid methyl ester,,,128,fatty acid methyl ester,2
en:e965i,E965I,d-maltitol,,,129,d-maltitol,2
en:e949,E949,hydrogen,783.0,Hydrogen|Molecular hydrogen|Dihydrogen|1333-74-0|Protium,130,hydrogen,1
en:e385,E385,calcium disodium ethylenediaminetetraacetate,6093170.0,Edetate calcium disodium|EDTA calcium disodium|Detoxamin|Edetate calcium disodium anhydrous|Calcium disodium ethylenediaminetetraacetate,131,calcium disodium ethylenediaminetetraacetate,0
en:e304ii,E304II,ascorbyl stearate,,,132,ascorbyl stearate,0
en:e182,E182,orcein,,,133,orcein,3
en:e216,E216,propyl para-hydroxybenzoate,,,134,propyl para-hydroxybenzoate,0
en:e334,E334,l(+)-tartaric acid,,,135,l(+)-tartaric acid,0
en:e560,E560,potassium silicate,,,136,potassium silicate,0
en:e230,E230,biphenyl,7095.0,"Biphenyl|1,1'-Biphenyl|92-52-4|Phenylbenzene|DIPHENYL",137,biphenyl,3
en:e927,E927,azodicarbonamide and carbamide,,,138,azodicarbonamide and carbamide,2
en:e307b,E307B,concentrated tocopherol,,,139,concentrated tocopherol,0
en:e460,E460,cellulose,,,140,cellulose,3
en:e960b,E960B,rebaudioside from multiple gene donors expressed in yarrowia lipolityca,,,141,rebaudioside from multiple gene donors expressed in yarrowia lipolityca,2
en:e944,E944,propane,6334.0,PROPANE|n-Propane|Dimethylmethane|Propyl hydride|74-98-6,142,propane,2
en:e160aii,E160AII,plant carotenes,,,143,plant carotenes,3
en:e631,E631,disodium inosinate,135414245.0,4691-65-0|Disodium 5'-inosinate|Disodium inosinate|Sodium inosinate|Sodium 5'-inosinate,144,disodium inosinate,2
en:e905e,E905E,mineral oil medium viscosity,,,145,mineral oil medium viscosity,2
en:e217,E217,sodium propyl para-hydroxybenzoate,23679044.0,35285-69-9|Propylparaben sodium|Sodium propylparaben|Propyl 4-hydroxybenzoate sodium salt|Sodium propyl 4-hydroxybenzoate,146,sodium propyl para-hydroxybenzoate,0
en:e926,E926,chlorine dioxide,24870.0,CHLORINE DIOXIDE|Alcide|10049-04-4|Chlorine oxide (ClO2)|Chlorine(IV) oxide,147,chlorine dioxide,2
en:e242,E242,dimethyl dicarbonate,12021.0,"Dimethyl carbonate|616-38-6|Methyl carbonate|Carbonic acid, dimethyl ester|Methyl carbonate ((MeO)2CO)",148,dimethyl dicarbonate,0
en:e352ii,E352II,calcium hydrogen malate,,,149,calcium hydrogen malate,0
en:e407a,E407A,processed eucheuma seaweed,,,150,processed eucheuma seaweed,0
en:e1414,E1414,acetylated distarch phosphate,9884549.0,"5-Thiazolecarboxylic acid, 2-[3-cyano-4-(2-methylpropoxy)phenyl]-4-methyl-, ethyl ester|EC 927-913-5|Ethyl 2-[3-cyano-4-(2-methylpropoxy)phenyl]-4-methyl-5-thiazolecarboxylate|5-Thiazolecarboxylic acid, 2-(3-cyano-4-(2-methylpropoxy)phenyl)-4-methyl-, ethyl ester|Ethyl 2-(3-cyano-4-(2-methylpropoxy)phenyl)-4-methyl-5-thiazolecarboxylate",151,acetylated distarch phosphate,2
en:e203,E203,calcium sorbate,,,152,calcium sorbate,0
en:e221,E221,sodium sulphite,,,153,sodium sulphite,3
en:e553b,E553B,talc,,,154,talc,2
en:e953,E953,isomalt,4454759.0,1-O-Hexopyranosylhexitol|DTXSID10860798|850347-32-9|RefChem:232520|DTXCID60201172,156,isomalt,2
en:e1207,E1207,anionic methacrylate copolymer,2763245.0,4-(Ethoxycarbonyl)-3-fluorophenylboronic Acid (contains varying amounts of Anhydride)|RefChem:516051|672-937-9|874288-38-7|4-Ethoxycarbonyl-3-fluorophenylboronic acid,157,anionic methacrylate copolymer,2
en:e620,E620,glutamic acid,33032.0,L-glutamic acid|GLUTAMIC ACID|56-86-0|L-glutamate|(2S)-2-Aminopentanedioic acid,158,glutamic acid,3
en:e494,E494,sorbitan monooleate,,,159,sorbitan monooleate,2
en:e127,E127,erythrosine,3259.0,"ERYTHROSINE|E127|3',6'-dihydroxy-2',4',5',7'-tetraiodospiro[2-benzofuran-3,9'-xanthene]-1-one|FD & C red no. 3|3',6'-dihydroxy-2',4',5',7'-tetraiodospiro(2-benzofuran-3,9'-xanthene)-1-one",160,erythrosine,3
en:e507,E507,hydrochloric acid,313.0,hydrochloric acid|hydrogen chloride|7647-01-0|Muriatic acid|chlorane,161,hydrochloric acid,0
en:e240,E240,formaldehyde,712.0,formaldehyde|formalin|methanal|50-00-0|formol,162,formaldehyde,3
en:e350ii,E350II,sodium hydrogen malate,,,163,sodium hydrogen malate,3
en:e344,E344,lecithin citrate,,,164,lecithin citrate,0
en:e407,E407,carrageenan,,,165,carrageenan,0
en:e327,E327,calcium lactate,,,166,calcium lactate,0
en:e641,E641,leucine,6106.0,L-leucine|61-90-5|leucine|(S)-Leucine|(S)-2-Amino-4-methylpentanoic acid,167,leucine,3
en:e160b,E160B,annatto,5281226.0,"Bixin|6983-79-5|(2E,4E,6E,8E,10E,12E,14E,16Z,18E)-20-methoxy-4,8,13,17-tetramethyl-20-oxoicosa-2,4,6,8,10,12,14,16,18-nonaenoic acid|DTXSID1024629|Methyl (9-cis)-hydrogen-6,6'-diapo-psi,psi-carotenedioate",168,annatto,3
en:e625,E625,magnesium diglutamate,,,169,magnesium diglutamate,0
en:e576,E576,sodium gluconate,23672301.0,"SODIUM GLUCONATE|527-07-1|Sodium D-gluconate|D-Gluconic acid, monosodium salt|gluconate sodium",170,sodium gluconate,2
en:e1205,E1205,basic methacrylate copolymer,44558175.0,3-ETHOXY-5-FLUOROPHENYLBORONIC ACID|3-Ethoxy-5-fluorophenylboronic Acid (contains varying amounts of Anhydride)|RefChem:501181|834-843-8|850589-53-6,171,basic methacrylate copolymer,1
en:e1442,E1442,hydroxypropyl distarch phosphate,,,172,hydroxypropyl distarch phosphate,2
en:e476,E476,polyglycerol polyricinoleate,,,173,polyglycerol polyricinoleate,2
en:e339iii,E339III,trisodium phosphate,,,174,trisodium phosphate,0
en:e111,E111,orange ggn,,,175,orange ggn,3
en:e710,E710,spiramycin,,,176,spiramycin,0
en:e513,E513,sulphuric acid,1118.0,SULFURIC ACID|Sulphuric acid|7664-93-9|Dihydrogen sulfate|Dipping acid,177,sulphuric acid,0
en:e349,E349,ammonium malate,,,178,ammonium malate,0
en:e413,E413,tragacanth,,,179,tragacanth,0
en:e1204,E1204,pullulan,16217201.0,2-Ethoxy-4-fluorophenylboronic Acid (contains varying amounts of Anhydride)|RefChem:471607|835-270-6|2-Ethoxy-4-fluorophenylboronic acid|480438-58-2,180,pullulan,2
en:e622,E622,monopotassium glutamate,56844440.0,6382-01-0|GLUTAMATE POTASSIUM|Potassium glutamate hydrate|POTASSIUM GLUTAMATE [WHO-DD]|AKOS015892822,181,monopotassium glutamate,2
en:e939,E939,helium,23987.0,HELIUM|Atomic helium|Helium-4|7440-59-7|p-Helium,182,helium,2
en:e311,E311,octyl gallate,61253.0,"Octyl gallate|1034-01-1|Octyl 3,4,5-trihydroxybenzoate|n-Octyl gallate|Progallin O",183,octyl gallate,0
en:e489,E489,methyl glucoside-coconut oil ester,,,184,methyl glucoside-coconut oil ester,0
en:e251,E251,sodium nitrate,,,185,sodium nitrate,3
en:e341ii,E341II,dicalcium phosphate,,,186,dicalcium phosphate,0
en:e1206,E1206,neutral methacrylate copolymer,,,187,neutral methacrylate copolymer,2
en:e905d,E905D,mineral oil high viscosity,,,188,mineral oil high viscosity,2
en:e650,E650,zinc acetate,11192.0,ZINC ACETATE|557-34-6|Zinc diacetate|Zinc(II) acetate|Dicarbomethoxyzinc,189,zinc acetate,0
en:e535,E535,sodium ferrocyanide,,,190,sodium ferrocyanide,0
en:e901,E901,white and yellow beeswax,,,191,white and yellow beeswax,0
en:e473a,E473A,oligoesters of sucrose type i,,,192,oligoesters of sucrose type i,0
en:e265,E265,dehydroacetic acid,5523.0,2914-77-4|2-[(Dimethylamino)methyl]-1-(3-methoxyphenyl)cyclohexanol|CHEBI:75722|2-((Dimethylamino)methyl)-1-(3-methoxyphenyl)cyclohexanol|RefChem:1060573,193,dehydroacetic acid,0
en:e435,E435,polyoxyethylene sorbitan monostearate,22833389.0,"(2R)-2-[(2R,3R,4S)-3,4-bis(2-hydroxyethoxy)oxolan-2-yl]-2-hydroxyethyl dodecanoate|Polysorbata 60|(2R)-2-((2R,3R,4S)-3,4-bis(2-hydroxyethoxy)oxolan-2-yl)-2-hydroxyethyl dodecanoate|RefChem:1096504|DTXSID9029300",194,polyoxyethylene sorbitan monostearate,0
en:e141ii,E141II,copper complexes of chlorophyllins,,,195,copper complexes of chlorophyllins,3
en:e923,E923,ammonium persulfate,,,196,ammonium persulfate,2
en:e322ii,E322II,partially hydrolyzed lecithin,,,197,partially hydrolyzed lecithin,0
en:e340i,E340I,monopotassium phosphate,,,198,monopotassium phosphate,0
en:e956,E956,alitame,,,199,alitame,2
en:e468,E468,cross-linked sodium carboxymethylcellulose,,,200,cross-linked sodium carboxymethylcellulose,0
en:e238,E238,calcium formiate,10997.0,"CALCIUM FORMATE|544-17-2|Calcium diformate|Calcoform|Formic acid, calcium salt",201,calcium formiate,0
en:e484,E484,stearyl citrate,,,202,stearyl citrate,2
en:e1410,E1410,monostarch phosphate,4153905.0,2-Ethynylaniline|52670-38-9|DTXSID30399999|RefChem:87028|DTXCID00350855,203,monostarch phosphate,2
en:e307c,E307C,dl-alpha-tocopherol,,,204,dl-alpha-tocopherol,0
en:e140i,E140I,chlorophylls,,,205,chlorophylls,3
en:e960c,E960C,enzymatically produced steviol glycosides,92023628.0,REBAUDIOSIDE M|1220616-44-3|rebaudioside X|Fema No. 4895|Fema No. 4922,206,enzymatically produced steviol glycosides,2
en:e262,E262,sodium acetates,517045.0,"Sodium acetate|127-09-3|Acetic acid, sodium salt|Sodium acetate anhydrous|Sodium acetate, anhydrous",207,sodium acetates,0
en:e432,E432,polyoxyethylene sorbitan monolaurate,443314.0,"1052273-76-3|DTXSID60922815|2-{2-[3,4-Bis(2-hydroxyethoxy)tetrahydro-2-furanyl]-2-(2-hydroxyethoxy)ethoxy}ethyl dodecanoate|2-(2-(3,4-Bis(2-hydroxyethoxy)tetrahydro-2-furanyl)-2-(2-hydroxyethoxy)ethoxy)ethyl dodecanoate|RefChem:1060798",208,polyoxyethylene sorbitan monolaurate,0
en:e1200,E1200,polydextrose,,,209,polydextrose,0
en:e171,E171,titanium dioxide,26042.0,TITANIUM DIOXIDE|13463-67-7|Titania|Titanium(IV) oxide|Titanium White,210,titanium dioxide,3
en:e473,E473,sucrose esters of fatty acids,,,211,sucrose esters of fatty acids,0
en:e573,E573,aluminium stearate,,,212,aluminium stearate,2
en:e501i,E501I,potassium carbonate,,,213,potassium carbonate,0
en:e369,E369,alanin,,,214,alanin,0
en:e160aiv,E160AIV,algal carotenes,,,215,algal carotenes,3
en:e1504,E1504,ethyl acetate,8857.0,ETHYL ACETATE|141-78-6|Ethyl ethanoate|Acetic acid ethyl ester|Vinegar naphtha,216,ethyl acetate,2
en:e164,E164,saffron,,,217,saffron,3
en:e260,E260,acetic acid,176.0,acetic acid|64-19-7|ethanoic acid|Vinegar acid|Acetic acid glacial,218,acetic acid,3
en:e430,E430,polyoxyethylene (8) stearate,,,219,polyoxyethylene (8) stearate,0
en:e450vii,E450VII,calcium dihydrogen diphosphate,,,220,calcium dihydrogen diphosphate,3
en:e530,E530,magnesium oxide,14792.0,Magnesia|Granmag|Heavy magnesium oxide|Calcined magnesia|Seawater magnesia,221,magnesium oxide,0
en:e1505,E1505,triethyl citrate,6506.0,TRIETHYL CITRATE|77-93-0|Ethyl citrate|Citroflex 2|Eudraflex,222,triethyl citrate,2
en:e388,E388,thiodipropionic acid,8096.0,"3,3'-Thiodipropionic acid|111-17-1|THIODIPROPIONIC ACID|Tyox A|TDPA",223,thiodipropionic acid,0
en:e416,E416,karaya-gum,,,224,karaya-gum,0
en:e516,E516,calcium sulphate,,,225,calcium sulphate,0
en:e500ii,E500II,sodium hydrogen carbonate,,,226,sodium hydrogen carbonate,1
en:e357,E357,potassium adipate,,,227,potassium adipate,0
en:e290,E290,carbon dioxide,280.0,carbon dioxide|carbonic anhydride|124-38-9|carbonic acid gas|Carbonic acid anhydride,228,carbon dioxide,3
en:e201,E201,sodium sorbate,,,229,sodium sorbate,3
en:e905ci,E905CI,microcrystalline wax,,,230,microcrystalline wax,2
en:e339i,E339I,monosodium phosphate,,,231,monosodium phosphate,0
en:e965,E965,maltitol,493591.0,maltitol|585-88-6|D-Maltitol|4-O-alpha-D-Glucopyranosyl-D-glucitol|Amalty MR 100,232,maltitol,2
en:e223,E223,sodium metabisulphite,656671.0,Sodium metabisulfite|7681-57-4|Sodium pyrosulfite|Sodium disulfite|Disodium pyrosulfite,233,sodium metabisulphite,3
en:e1451,E1451,acetylated oxidised starch,9917980.0,"Secoisolariciresinol diglucoside|158932-33-3|(R,R)-Secoisolariciresinol diglucoside|Bmhb-diglc|T9281L29MV",234,acetylated oxidised starch,2
en:e951,E951,aspartame,,,235,aspartame,2
en:e962,E962,salt of aspartame-acesulfame,,,236,salt of aspartame-acesulfame,2
en:e1443,E1443,hydroxy propyl distarch glycerol,9568613.0,Esomeprazole magnesium|Nexium 24hr|925R0D7W1O|CHEBI:50309|Esomeprazole Dr,237,hydroxy propyl distarch glycerol,2
en:e906,E906,benzoin resin,,,238,benzoin resin,2
en:e460i,E460I,microcrystalline cellulose,,,239,microcrystalline cellulose,0
en:e399,E399,calcium lactobionate,,,240,calcium lactobionate,0
en:e307a,E307A,d-alpha-tocopherol,,,241,d-alpha-tocopherol,0
en:e960a,E960A,steviol glycosides from stevia,,,242,steviol glycosides from stevia,2
en:e160bii,E160BII,annatto norbixin,,,243,annatto norbixin,3
en:e938,E938,argon,23968.0,"ARGON|7440-37-1|Argon-40|Argon, Elemental|67XQY1V3KH",244,argon,2
en:e1421,E1421,acetylated starch,139144.0,m-ethynylphenol|RefChem:94376|3-Ethynylphenol|10401-11-3|3-Hydroxyphenylacetylene,246,acetylated starch,2
en:e1421,E1421,acetylated starch,139144.0,m-ethynylphenol|RefChem:94376|3-Ethynylphenol|10401-11-3|3-Hydroxyphenylacetylene,320,acetylated starch,2
en:e1420,E1420,acetylated starch,,,246,acetylated starch,2
en:e1420,E1420,acetylated starch,,,320,acetylated starch,2
en:e452ii,E452II,potassium polyphosphate,,,247,potassium polyphosphate,2
en:e511,E511,magnesium chloride,,,248,magnesium chloride,0
en:e411,E411,e411 food additive,,,249,e411 food additive,0
en:e440aiv,E440AIV,ammonium pectate,,,250,ammonium pectate,0
en:e472e,E472E,mono- and diacetyltartaric acid esters of mono- and diglycerides of fatty acids,,,251,mono- and diacetyltartaric acid esters of mono- and diglycerides of fatty acids,2
en:e451i,E451I,pentasodium triphosphate,,,252,pentasodium triphosphate,0
en:e160f,E160F,ethyl ester of beta-apo-8'-carotenic acid (c 30),,,253,ethyl ester of beta-apo-8'-carotenic acid (c 30),3
en:e313,E313,ethyl gallate,13250.0,"ETHYL GALLATE|831-61-8|Ethyl 3,4,5-trihydroxybenzoate|Benzoic acid, 3,4,5-trihydroxy-, ethyl ester|235I6UDD3L",254,ethyl gallate,0
en:e960,E960,steviol glycosides,,,255,steviol glycosides,2
en:e427,E427,cassia gum,,,256,cassia gum,0
en:e527,E527,ammonium hydroxide,14923.0,ammonium hydroxide|1336-21-6|Ammonia water|Ammonia aqueous|Aquammonia,257,ammonium hydroxide,0
en:e107,E107,yellow 2g,2724092.0,"disodium 2,5-dichloro-4-{5-hydroxy-3-methyl-4-[(4-sulfonatophenyl)diazenyl]-1H-pyrazol-1-yl}benzene-1-sulfonate|Acid Yellow 17 (Technical Grade)|Disodium;2,5-dichloro-4-[5-methyl-3-oxo-4-[(4-sulfonatophenyl)diazenyl]-1H-pyrazol-2-yl]benzenesulfonate|E 107|Acid Fast Yellow G",258,yellow 2g,3
en:e470aiii,E470AIII,calcium salts of fatty acids,,,259,calcium salts of fatty acids,0
en:e450ii,E450II,trisodium diphosphate,,,260,trisodium diphosphate,3
en:e544,E544,calcium polyphosphate,,,261,calcium polyphosphate,2
en:e544,E544,calcium polyphosphate,,,467,calcium polyphosphate,2
en:e452iv,E452IV,calcium polyphosphate,,,261,calcium polyphosphate,2
en:e452iv,E452IV,calcium polyphosphate,,,467,calcium polyphosphate,2
en:e307,E307,alpha-tocopherol,14985.0,"VITAMIN E|5,7,8-Trimethyltocol|Vitamin-E|1406-18-4|Vitamin e d-alpha",262,alpha-tocopherol,3
en:e1401,E1401,acid-treated modified starch,,,263,acid-treated modified starch,2
en:e444,E444,sucrose acetate isobutyrate,31339.0,"SAIB|Sucrose acetoisobutyrate|SAIB 100S|Sucrose, diacetate hexaisobutyrate|H5KI1C3YTV",264,sucrose acetate isobutyrate,2
en:e927b,E927B,carbamide,1176.0,urea|57-13-6|carbamide|Carbonyldiamide|Ureophil,265,carbamide,3
en:e1430,E1430,distarch glycerine,11474262.0,"53721-12-3|1,1'-Diethyl-4,4'-bipyridinium dibromide|DTXSID40467092|RefChem:212348|DTXCID40417911",266,distarch glycerine,2
en:e332,E332,potassium citrates,,,267,potassium citrates,0
en:e514ii,E514II,sodium hydrogen sulphate,,,268,sodium hydrogen sulphate,0
en:e14xx,E14XX,modified starch,,,269,modified starch,1
en:e132,E132,indigotine,,,270,indigotine,3
en:e917,E917,potassium iodate,491775.0,"E917|SCHEMBL6012743|CHEMBL1188807|BDBM50190520|1-Butyl-3-isobutyl-9-(4-phenoxybenzyl)-1,4,9-triazaspiro[5.5]undecane-2,5-dione",271,potassium iodate,2
en:e368,E368,ammonium fumarate,9793847.0,"Diammonium fumarate|ammonium fumarate|YG927OP0BK|2-Butenedioic acid (2E)-, diammonium salt|DTXSID4029307",272,ammonium fumarate,0
en:e440i,E440I,non-amidated pectines,,,273,non-amidated pectines,0
en:e450v,E450V,tetrapotassium diphosphate,,,274,tetrapotassium diphosphate,3
en:e384,E384,isopropyl citrates,,,275,isopropyl citrates,0
en:e226,E226,calcium sulphite,3708.0,Indirubin-5-sulfonate|244021-67-8|RefChem:790921|indirubin-5-sulphonate|CHEMBL1207227,276,calcium sulphite,0
en:e942,E942,nitrous oxide,948.0,nitrous oxide|Laughing gas|Dinitrogen oxide|Dinitrogen monoxide|Factitious air,277,nitrous oxide,2
en:e280,E280,propionic acid,1032.0,propionic acid|Propanoic acid|79-09-4|methylacetic acid|ethylformic acid,278,propionic acid,3
en:e470ai,E470AI,sodium salts of fatty acids,,,279,sodium salts of fatty acids,0
en:e343ii,E343II,dimagnesium phosphate,,,280,dimagnesium phosphate,0
en:e637,E637,ethyl maltol,21059.0,Ethyl maltol|2-Ethyl-3-hydroxy-4H-pyran-4-one|4940-11-8|2-Ethyl-3-hydroxy-4-pyrone|Ethylmaltol,281,ethyl maltol,2
en:e335,E335,sodium tartrates,,,282,sodium tartrates,0
en:e903,E903,carnauba wax,,,283,carnauba wax,2
en:e921,E921,l-cysteine hydrochloride monohydrate,5862.0,L-cysteine|cysteine|52-90-4|Cystein|Thioserine,284,l-cysteine hydrochloride monohydrate,0
en:e945,E945,chloropentafluoroethane,6430.0,"CHLOROPENTAFLUOROETHANE|76-15-3|1-Chloro-1,1,2,2,2-pentafluoroethane|Pentafluoroethyl chloride|Ethane, chloropentafluoro-",285,chloropentafluoroethane,2
en:e425ii,E425II,konjac glucomannan,,,286,konjac glucomannan,0
en:e541ii,E541II,alkaline sodium aluminium phosphate,,,287,alkaline sodium aluminium phosphate,2
en:e330,E330,citric acid,311.0,"citric acid|77-92-9|2-hydroxypropane-1,2,3-tricarboxylic acid|Citric acid, anhydrous|Aciletten",288,citric acid,3
en:e234,E234,nisin,16129667.0,1414-45-5|Ambicin N|Nisitrol|DTXSID20893678|Microgard MG 300,289,nisin,0
en:e464,E464,hydroxypropyl methyl cellulose,,,290,hydroxypropyl methyl cellulose,0
en:e440b,E440B,pectin amide,,,291,pectin amide,0
en:e316,E316,sodium erythorbate,23683938.0,SODIUM ERYTHORBATE|6381-77-7|Sodium isoascorbate|Isona|Neo-cebitate,292,sodium erythorbate,0
en:e557,E557,hemimorphite,,,293,hemimorphite,2
en:e488,E488,ethoxylated mono- and di-glycerides,,,294,ethoxylated mono- and di-glycerides,2
en:e457,E457,alpha-cyclodextrine,,,295,alpha-cyclodextrine,0
en:e340iii,E340III,tripotassium phosphate,,,296,tripotassium phosphate,0
en:e130,E130,indanthrene blue rs,,,297,indanthrene blue rs,3
en:e420ii,E420II,sorbitol syrup,,,298,sorbitol syrup,0
en:e282,E282,calcium propionate,,,299,calcium propionate,0
en:e940,E940,dichlorodifluoromethane,,,300,dichlorodifluoromethane,2
en:e472d,E472D,tartaric acid esters of mono- and diglycerides of fatty acids,,,301,tartaric acid esters of mono- and diglycerides of fatty acids,2
en:e471,E471,mono- and diglycerides of fatty acids,102615.0,"GLYCEROL DISTEARATE|RefChem:663456|1,2-Distearoyl-rac-glycerol|Distearin|51063-97-9",303,mono- and diglycerides of fatty acids,0
en:e239,E239,hexamethylene tetramine,4101.0,methenamine|Hexamethylenetetramine|100-97-0|Hexamine|Urotropine,304,hexamethylene tetramine,0
en:e571,E571,e571,,,305,e571,2
en:e469,E469,enzymatically hydrolysed carboxymethylcellulose,61416.0,"CITRONELLYL VALERATE|7540-53-6|Citronellyl pentanoate|3,7-dimethyloct-6-enyl pentanoate|Pentanoic acid, 3,7-dimethyl-6-octenyl ester",306,enzymatically hydrolysed carboxymethylcellulose,0
en:e1000,E1000,cholic acid,,,307,cholic acid,3
en:e173,E173,aluminium,,,308,aluminium,3
en:e285,E285,sodium tetraborate (borax),,,309,sodium tetraborate (borax),0
en:e1209,E1209,polyvinyl alcohol-polyethylene glycol-graft-co-polymer,44717604.0,5-(Ethoxycarbonyl)-2-fluorobenzeneboronic acid|RefChem:531226|801-229-6|874219-60-0|(5-(Ethoxycarbonyl)-2-fluorophenyl)boronic acid,311,polyvinyl alcohol-polyethylene glycol-graft-co-polymer,2
en:e503i,E503I,ammonium carbonate,,,312,ammonium carbonate,0
en:e501ii,E501II,potassium hydrogen carbonate,,,313,potassium hydrogen carbonate,0
en:e133,E133,brilliant blue fcf,135702915.0,78642-64-5|RefChem:918997|Coomassie Blue|E133,314,brilliant blue fcf,3
en:e261,E261,potassium acetate,517044.0,"Potassium acetate|127-08-2|Diuretic salt|ACETIC ACID, POTASSIUM SALT|Acetic acid, potassium salt (1:1)",315,potassium acetate,0
en:e431,E431,polyoxyethylene (40) stearate,,,316,polyoxyethylene (40) stearate,0
en:e905,E905,synthetic wax,,,317,synthetic wax,2
en:e161j,E161J,astaxanthin,5281224.0,Astaxanthin|472-61-7|Ovoester|all-trans-Astaxanthin|BioAstin,318,astaxanthin,3
en:e333,E333,calcium citrates,,,319,calcium citrates,0
en:e470aii,E470AII,potassium salts of fatty acids,,,321,potassium salts of fatty acids,0
en:e558,E558,bentonite,,,322,bentonite,2
en:e487,E487,sodium dodecyl sulfate,3423265.0,Sodium dodecyl sulfate|151-21-3|SODIUM LAURYL SULFATE|Sodium dodecylsulfate|Sodium lauryl sulphate,323,sodium dodecyl sulfate,0
en:e902,E902,candelilla wax,,,324,candelilla wax,2
en:e458,E458,gamma-cyclodextrine,,,325,gamma-cyclodextrine,2
en:e966,E966,lactitol,,,326,lactitol,2
en:e370,E370,1‚4-heptonolactone,,,327,1‚4-heptonolactone,1
en:e500i,E500I,sodium carbonate,,,328,sodium carbonate,1
en:e900a,E900A,dimethyl polysiloxane,,,329,dimethyl polysiloxane,3
en:e252,E252,potassium nitrate,24434.0,POTASSIUM NITRATE|7757-79-1|Saltpeter|Nitre|Niter,330,potassium nitrate,0
en:e170,E170,calcium carbonates,10112.0,CALCIUM CARBONATE|471-34-1|Aeromatt|Calcium carbonate (1:1)|Carbonic acid calcium salt (1:1),331,calcium carbonates,3
en:e1210,E1210,carbomer,16719049.0,936339-60-5|E1210|Manogepix|E-1210 (pharmaceutical)|E-1210,332,carbomer,2
en:e1450,E1450,starch sodium octenyl succinate,2773643.0,[3-(Ethoxycarbonyl)propyl]triphenylphosphonium bromide|(3-(Ethoxycarbonyl)propyl)triphenylphosphonium Bromide|RefChem:399668|610-534-1|50479-11-3,333,starch sodium octenyl succinate,2
en:e375,E375,nicotinic acid,,,334,nicotinic acid,0
en:e141i,E141I,copper complexes of chlorophylls,,,335,copper complexes of chlorophylls,3
en:e283,E283,potassium propionate,,,336,potassium propionate,0
en:e638,E638,e638,,,337,e638,2
en:e296,E296,malic acid,525.0,"malic acid|6915-15-7|2-Hydroxybutanedioic acid|hydroxysuccinic acid|Butanedioic acid, hydroxy-",338,malic acid,0
en:e175,E175,gold,,,339,gold,3
en:e1400,E1400,dextrin,2759528.0,3-(Ethoxydimethylsilyl)propyl Methacrylate (stabilized with BHT)|RefChem:495161|878-624-5|13731-98-1|3-(Ethoxydimethylsilyl)propyl methacrylate,340,dextrin,2
en:e359,E359,ammonium adipate,,,341,ammonium adipate,0
en:e943a,E943A,butane,7843.0,BUTANE|n-Butane|106-97-8|Diethyl|Methylethylmethane,342,butane,2
en:e472g,E472G,succinylated monoglycerides,,,343,succinylated monoglycerides,2
en:e341i,E341I,monocalcium phosphate,,,344,monocalcium phosphate,0
en:e905a,E905A,mineral oil,,,345,mineral oil,2
en:e900,E900,dimethylpolysiloxane and methylphenylpolysiloxane,,,346,dimethylpolysiloxane and methylphenylpolysiloxane,3
en:e154,E154,brown fk,,,347,brown fk,3
en:e1517,E1517,glyceryl diacetate,,,348,glyceryl diacetate,2
en:e140ii,E140II,chlorophyllins,,,349,chlorophyllins,3
en:e340ii,E340II,dipotassium phosphate,,,350,dipotassium phosphate,0
en:e250,E250,sodium nitrite,23668193.0,"SODIUM NITRITE|7632-00-0|Nitrous acid, sodium salt|Nitrite, sodium|Erinitrit",351,sodium nitrite,1
en:e322i,E322I,lecithin,,,352,lecithin,0
en:e354,E354,calcium tartrate,,,353,calcium tartrate,0
en:e172,E172,iron oxides and iron hydroxides,,,354,iron oxides and iron hydroxides,0
en:e918,E918,nitrogen oxides,,,355,nitrogen oxides,2
en:e367,E367,calcium fumarate,6433512.0,"CALCIUM FUMARATE|7718-51-6|VD906S8V0I|2-Butenedioic acid (E)-, calcium salt|RefChem:122833",356,calcium fumarate,0
en:e452iii,E452III,sodium calcium polyphosphate,,,357,sodium calcium polyphosphate,2
en:e336,E336,potassium tartrates,23681127.0,Potassium bitartrate|Faecula|Faecla|Acid potassium tartrate|POTASSIUM ACID TARTRATE,358,potassium tartrates,0
en:e428,E428,gelatine,,,359,gelatine,2
en:e214,E214,ethyl p-hydroxybenzoate,8434.0,Ethylparaben|ETHYL 4-HYDROXYBENZOATE|120-47-8|Ethyl paraben|Ethyl p-hydroxybenzoate,360,ethyl p-hydroxybenzoate,0
en:e163f,E163F,petunidin,,,361,petunidin,1
en:e160bi,E160BI,annatto bixin,,,362,annatto bixin,3
en:e310,E310,propyl gallate,4947.0,"propyl gallate|121-79-9|Propyl 3,4,5-trihydroxybenzoate|N-Propyl gallate|Progallin P",363,propyl gallate,0
en:e528,E528,magnesium hydroxide,73981.0,MAGNESIUM HYDROXIDE|1309-42-8|Milk of magnesia|Magnesium dihydroxide|Magnesium hydrate,364,magnesium hydroxide,2
en:e472c,E472C,citric acid esters of mono- and diglycerides of fatty acids,,,365,citric acid esters of mono- and diglycerides of fatty acids,2
en:e1510,E1510,ethanol,702.0,ethanol|ethyl alcohol|alcohol|64-17-5|grain alcohol,366,ethanol,3
en:e308,E308,gamme-tocopherol,,,367,gamme-tocopherol,0
en:e222,E222,sodium bisulphite,23665763.0,SODIUM BISULFITE|7631-90-5|Sodium hydrogen sulfite|sodium hydrogensulfite|Sodium bisulphite,368,sodium bisulphite,3
en:e110,E110,sunset yellow fcf,17730.0,FD&C Yellow 6|DTXSID6021456|DTXCID101131536|RefChem:1085314|Sunset Yellow FCF,369,sunset yellow fcf,3
en:e1102,E1102,glucose oxidase,,,370,glucose oxidase,2
en:e350i,E350I,sodium malate,,,371,sodium malate,3
en:e946,E946,octafluorocyclobutane,8263.0,Octafluorocyclobutane|PERFLUOROCYCLOBUTANE|115-25-3|Cyclooctafluorobutane|Freon C-318,372,octafluorocyclobutane,2
en:e640,E640,glycine and its sodium salt,,,373,glycine and its sodium salt,0
en:e161b,E161B,lutein,,,374,lutein,3
en:e219,E219,sodium methyl p-hydroxybenzoate,,,375,sodium methyl p-hydroxybenzoate,0
en:e225,E225,calcium disulphite,24958.0,"POTASSIUM SULFITE|10117-38-1|Dipotassium sulfite|Potassium sulphite|Sulfurous acid, dipotassium salt",376,calcium disulphite,3
en:e963,E963,tagatose,,,377,tagatose,2
en:e241,E241,gum guaicum,,,378,gum guaicum,0
en:e905cii,E905CII,paraffin wax,,,379,paraffin wax,2
en:e504,E504,magnesium carbonates,11029.0,MAGNESIUM CARBONATE|546-93-0|Magnesite|Magnesium carbonate anhydrous|Kimboshi,380,magnesium carbonates,2
en:e1001,E1001,choline salt,,,381,choline salt,2
en:e404,E404,calcium alginate,,,382,calcium alginate,0
en:e450iii,E450III,tetrasodium diphosphate,,,383,tetrasodium diphosphate,3
en:e312,E312,dodecyl gallate,14425.0,"Dodecyl gallate|Lauryl gallate|1166-52-5|Dodecyl 3,4,5-trihydroxybenzoate|Nipagallin LA",384,dodecyl gallate,0
en:e1405,E1405,enzyme treated starch,21896341.0,1-ethylcyclopentyl acrylate|326925-69-3|2-Propenoic acid 1-ethylcyclopentyl ester|1-Ethylcyclopentyl Acrylate (stabilized with MEHQ)|(1-ethylcyclopentyl) prop-2-enoate,385,enzyme treated starch,0
en:e124,E124,ponceau 4r,17467.0,"7244-14-6|7-hydroxy-8-[(4-sulphonaphthyl)azo]naphthalene-1,3-disulphonic acid|Ponceau 4R free acid|7-Hydroxy-8-((4-sulphonaphthyl)azo)naphthalene-1,3-disulphonic acid|7VIW11169Y",386,ponceau 4r,3
en:e621,E621,monosodium glutamate,,,387,monosodium glutamate,0
en:e150b,E150B,caustic sulphite caramel,,,388,caustic sulphite caramel,1
en:e352i,E352I,calcium malate,,,389,calcium malate,0
en:e324,E324,ethoxyquin,3293.0,"ethoxyquin|91-53-2|6-Ethoxy-2,2,4-trimethyl-1,2-dihydroquinoline|Santoquin|Ethoxyquine",390,ethoxyquin,0
en:e220,E220,sulphur dioxide,1119.0,sulfur dioxide|sulphur dioxide|7446-09-5|Sulfurous anhydride|Sulfurous oxide,391,sulphur dioxide,3
en:e509,E509,calcium chloride,5284359.0,CALCIUM CHLORIDE|10043-52-4|Calcium chloride anhydrous|Calcium dichloride|CaCl2,392,calcium chloride,0
en:e315,E315,erythorbic acid,54675810.0,Erythorbic acid|89-65-6|D-Isoascorbic acid|Isoascorbic acid|D-Araboascorbic acid,393,erythorbic acid,0
en:e642,E642,e642,,,394,e642,2
en:e1404,E1404,oxidised starch,,,395,oxidised starch,2
en:e409,E409,arabinogalactan,,,397,arabinogalactan,0
en:e129,E129,allura red,33258.0,E129|RefChem:1084024|Allura Red AC|25956-17-6|Allura Red,398,allura red,3
en:e161i,E161I,citranaxanthin,,,399,citranaxanthin,3
en:e329,E329,magnesium lactate,,,400,magnesium lactate,0
en:e1521,E1521,polyethylene glycol,,,401,polyethylene glycol,0
en:e420i,E420I,d-sorbitol,,,402,d-sorbitol,0
en:e452vi,E452VI,sodium tripolyphosphate,,,403,sodium tripolyphosphate,2
en:e922,E922,potassium persulfate,,,404,potassium persulfate,2
en:e472a,E472A,acetic acid esters of mono- and diglycerides of fatty acids,,,405,acetic acid esters of mono- and diglycerides of fatty acids,2
en:e246,E246,glycolipids,,,406,glycolipids,0
en:e905g,E905G,mineral oil medium and low viscosity class iii,,,407,mineral oil medium and low viscosity class iii,2
en:e914,E914,oxidised polyethylene wax,,,408,oxidised polyethylene wax,2
en:e470,E470,sodium/potassium/calcium and magnesium salts of fatty acids,,,409,sodium/potassium/calcium and magnesium salts of fatty acids,0
en:e570,E570,fatty acids,5281.0,stearic acid|Octadecanoic acid|57-11-4|n-Octadecanoic acid|Stearophanic acid,410,fatty acids,1
en:e433,E433,polyoxyethylene sorbitan monooleate,,,411,polyoxyethylene sorbitan monooleate,0
en:e925,E925,chlorine,,,412,chlorine,0
en:e263,E263,calcium acetate,6116.0,"Calcium acetate|62-54-4|Calcium diacetate|Acetic acid, calcium salt|Lime acetate",413,calcium acetate,0
en:e941,E941,nitrogen,947.0,Nitrogen|Nitrogen gas|Molecular nitrogen|Dinitrogen|7727-37-9,414,nitrogen,3
en:e941,E941,nitrogen,947.0,Nitrogen|Nitrogen gas|Molecular nitrogen|Dinitrogen|7727-37-9,524,nitrogen,3
en:e931,E931,nitrogen,,,414,nitrogen,3
en:e931,E931,nitrogen,,,524,nitrogen,3
en:e101ii,E101II,riboflavin-5′-phosphate,,,415,riboflavin-5′-phosphate,3
en:e131,E131,patent blue v,77073.0,Patent Blue V|Acid blue 3|Carmine Blue V|Merantine Blue V|Solar Pure Blue VX,416,patent blue v,3
en:e634,E634,calcium 5'-ribonucleotide,,,417,calcium 5'-ribonucleotide,0
en:e503ii,E503II,ammonium hydrogen carbonate,,,418,ammonium hydrogen carbonate,0
en:e341iii,E341III,tricalcium phosphate,,,419,tricalcium phosphate,0
en:e331,E331,sodium citrates,6224.0,Sodium citrate|68-04-2|TRISODIUM CITRATE|Citrosodine|Natrocitral,420,sodium citrates,0
en:e919,E919,nitrosyl chloride,,,421,nitrosyl chloride,2
en:e440ii,E440II,amidated pectin,,,422,amidated pectin,0
en:e554,E554,sodium aluminium silicate,72941443.0,Decalso|Zeolex|Decalso F|Alusil ET|Vulkasil A 1,423,sodium aluminium silicate,2
en:e500iii,E500III,sodium sesquicarbonate,,,424,sodium sesquicarbonate,1
en:e470a,E470A,sodium/potassium and calcium salts of fatty acids,,,425,sodium/potassium and calcium salts of fatty acids,0
en:e237,E237,sodium formiate,2723810.0,"SODIUM FORMATE|141-53-7|Formic acid, sodium salt|Salachlor|Formic acid, sodium salt (1:1)",427,sodium formiate,0
en:e920,E920,l-cysteine,5862.0,L-cysteine|cysteine|52-90-4|Cystein|Thioserine,428,l-cysteine,0
en:e467,E467,ethulose,,,429,ethulose,0
en:e514i,E514I,sodium sulphate,,,430,sodium sulphate,0
en:e572,E572,magnesium stearate,,,431,magnesium stearate,2
en:e472,E472,acid esters of mono- and diglycerides of fatty acids,,,432,acid esters of mono- and diglycerides of fatty acids,2
en:e559,E559,aluminium silicate,92024769.0,"Kaolin, light|Weisserton|Chishizhi|Natural kaolin|Red halloysite",433,aluminium silicate,2
en:e459,E459,beta-cyclodextrine,444041.0,beta-CYCLODEXTRIN|7585-39-9|Betadex|Cycloheptaamylose|Cyclomaltoheptaose,434,beta-cyclodextrine,0
en:e281,E281,sodium propionate,2723816.0,"SODIUM PROPIONATE|137-40-6|Sodium propanoate|Propionic acid sodium salt|Propanoic acid, sodium salt",435,sodium propionate,0
en:e541i,E541I,acid sodium aluminium phosphate,,,436,acid sodium aluminium phosphate,2
en:e425i,E425I,konjac gum,,,437,konjac gum,0
en:e575,E575,glucono-delta-lactone,7027.0,"gluconolactone|90-80-2|delta-gluconolactone|D-glucono-1,5-lactone|Gluconic acid lactone",438,glucono-delta-lactone,2
en:e626,E626,guanylic acid,135887992.0,"CHEMBL1242996|SCHEMBL18785103|BDBM50326433|E626|((2R,3R,4S,5R)-5-(2-amino-6-oxo-1H-purin-9(6H)-yl)-3,4-dihydroxytetrahydrofuran-2-yl)methyl dihydrogen phosphate",439,guanylic acid,2
en:e343i,E343I,monomagnesium phosphate,,,440,monomagnesium phosphate,0
en:e475,E475,polyglycerol esters of fatty acids,,,441,polyglycerol esters of fatty acids,0
en:e479b,E479B,thermally oxidised soya bean oil interacted with mono- and diglycerides of fatty acids,,,442,thermally oxidised soya bean oil interacted with mono- and diglycerides of fatty acids,2
en:e451ii,E451II,pentapotassium triphosphate,,,443,pentapotassium triphosphate,0
en:e1411,E1411,distarch glycerol,,,444,distarch glycerol,2
en:e163b,E163B,delphinidin,,,445,delphinidin,1
en:e450iv,E450IV,dipotassium dihydrogenpyrophosphate,,,446,dipotassium dihydrogenpyrophosphate,3
en:e955,E955,sucralose,,,447,sucralose,2
en:e243,E243,ethyl lauroyl arginate,,,448,ethyl lauroyl arginate,0
en:e961,E961,neotame,9810996.0,"Neotame|165450-17-9|N-(N-(3,3-dimethylbutyl)-L-alpha-aspartyl)-L-phenylalanine 1-methyl ester|VJ597D52EX|INS-961",449,neotame,2
en:e161f,E161F,rhodoxanthin,,,450,rhodoxanthin,3
en:e450viii,E450VIII,e450viii,,,451,e450viii,3
en:e508,E508,potassium chloride,4873.0,potassium chloride|7447-40-7|Klotrix|Sylvite|Enseal,452,potassium chloride,0
en:e1519,E1519,benzyl alcohol,244.0,benzyl alcohol|phenylmethanol|benzenemethanol|100-51-6|phenylcarbinol,453,benzyl alcohol,2
en:e408,E408,bakers yeast glycan,,,454,bakers yeast glycan,0
en:e952,E952,cyclamic acid and its na and ca salts,7533.0,Cyclamic acid|Cyclohexylsulfamic acid|100-88-9|N-Cyclohexylsulfamic acid|CYCLAMATE,455,cyclamic acid and its na and ca salts,2
en:e450i,E450I,disodium diphosphate,,,456,disodium diphosphate,3
en:e128,E128,red 2g,19523.0,"acid red 1 free acid|E0X7EHI364|EINECS 246-823-0|CI ACID RED 1 PARENT|5-(Acetylamino)-4-hydroxy-3-(phenylazo)naphthalene-2,7-disulphonicacid",457,red 2g,3
en:e536,E536,potassium ferrocyanide,,,458,potassium ferrocyanide,2
en:e202,E202,potassium sorbate,,,459,potassium sorbate,0
en:e436,E436,polyoxyethylene sorbitan tristearate,,,460,polyoxyethylene sorbitan tristearate,2
en:e266,E266,sodium dehydroacetate,,,461,sodium dehydroacetate,0
en:e713,E713,tylosin,5280440.0,Tylosin|Tylosin A|Tylosine|1401-69-0|Tilosina,462,tylosin,2
en:e328,E328,ammonium lactate,10129918.0,ammonia lactate|ammonium;2-hydroxypropanoate|SCHEMBL36407|SCHEMBL1954972|CHEMBL1200747,463,ammonium lactate,0
en:e510,E510,ammonium chloride,12820921.0,"azane;hydrochloride|Ammonium chloride-beta solid|Ammonium chloride, for cell culture|Ammonium chloride, for molecular biology|Ammonium chloride, United States Pharmacopeia (USP) Reference Standard",464,ammonium chloride,0
en:e410,E410,locust bean gum,8834.0,"Citronellyl propionate|141-14-0|Citronellyl propanoate|6-Octen-1-ol, 3,7-dimethyl-, 1-propanoate|6-Octen-1-ol, 3,7-dimethyl-, propanoate",465,locust bean gum,0
en:e161h,E161H,zeaxanthin,,,466,zeaxanthin,3
en:e429,E429,peptone,,,468,peptone,0
en:e529,E529,calcium oxide,,,469,calcium oxide,2
en:e415,E415,xanthan gum,131750926.0,E415|Biozan R|SCHEMBL23243659,470,xanthan gum,0
en:e309,E309,delta-tocopherol,92094.0,"delta-Tocopherol|119-13-1|(+)-delta-Tocopherol|8-Methyltocol|(2R)-3,4-dihydro-2,8-dimethyl-2-[(4R,8R)-4,8,12-trimethyltridecyl]-2H-1-benzopyran-6-ol",471,delta-tocopherol,0
en:e515,E515,potassium sulphates,,,472,potassium sulphates,0
en:e339ii,E339II,disodium phosphate,,,473,disodium phosphate,0
en:e905c,E905C,petroleum wax,,,474,petroleum wax,2
en:e104,E104,quinoline yellow,,,475,quinoline yellow,3
en:e960d,E960D,glucosylated steviol glycosides,,,476,glucosylated steviol glycosides,2
en:e950,E950,acesulfame k,3262017.0,E950|BDBM50050775|NCGC00090729-03|NCGC00090729-04|NCGC00090729-05,477,acesulfame k,2
en:e623,E623,calcium diglutamate,,,478,calcium diglutamate,2
en:e1103,E1103,invertase,521132.0,Ethyl 2-amino-4-methylthiophene-3-carboxylate|43088-42-2|DTXSID00334559|RefChem:138567|DTXCID10285649,479,invertase,3
en:e218,E218,methyl p-hydroxybenzoate,7456.0,Methyl 4-hydroxybenzoate|METHYLPARABEN|99-76-3|Methyl paraben|Methyl p-hydroxybenzoate,480,methyl p-hydroxybenzoate,0
en:e452i,E452I,sodium polyphosphate,,,481,sodium polyphosphate,2
en:e424,E424,curdlan,,,482,curdlan,0
en:e1201,E1201,polyvinylpyrrolidone,268963.0,Ethyl 4-Chloroquinoline-3-carboxylate|DTXSID00296461|RefChem:595400|DTXCID00247599|802-791-5,483,polyvinylpyrrolidone,2
en:e524,E524,sodium hydroxide,,,484,sodium hydroxide,0
en:e200,E200,sorbic acid,643460.0,"sorbic acid|110-44-1|(2E,4E)-hexa-2,4-dienoic acid|2E,4E-Hexadienoic acid|Sorbistat",485,sorbic acid,1
en:e304,E304,fatty acid esters of ascorbic acid,54680660.0,ASCORBYL PALMITATE|137-66-6|L-Ascorbyl 6-palmitate|L-Ascorbic acid 6-palmitate|Ascorbyl monopalmitate,486,fatty acid esters of ascorbic acid,0
en:e924b,E924B,calcium bromate,,,487,calcium bromate,2
en:e412,E412,guar gum,,,488,guar gum,0
en:e460ii,E460II,powdered cellulose,,,489,powdered cellulose,0
en:e512,E512,stannous chloride,10198436.0,"tin(2+);dichloride;dihydrate|tin dichloride.2H2O|Tin chloride (SnCl2), dihydrate (8CI,9CI)|SnCl2.2H2O|Stannouschloridedihydrate",490,stannous chloride,0
en:e504i,E504I,magnesium carbonate,,,491,magnesium carbonate,2
en:e270,E270,lactic acid,612.0,lactic acid|2-hydroxypropanoic acid|DL-Lactic acid|50-21-5|2-hydroxypropionic acid,492,lactic acid,3
en:e928,E928,benzole peroxide,7187.0,"BENZOYL PEROXIDE|94-36-0|Dibenzoyl peroxide|Benzoyl superoxide|Peroxide, dibenzoyl",493,benzole peroxide,2
en:e152,E152,black 7984,,,494,black 7984,3
en:e446,E446,succistearin,,,495,succistearin,2
en:e546,E546,magnesium pyrophosphate,,,496,magnesium pyrophosphate,2
en:e174,E174,silver,104755.0,"Silver cation|Silver, ion (Ag1+)|UNII-57N7B0K90A|57N7B0K90A|NANOVER",497,silver,3
en:e150a,E150A,plain caramel,,,498,plain caramel,1
en:e352,E352,calcium malates,,,499,calcium malates,0
en:e155,E155,brown ht,5486417.0,E155|CHEMBL1697823,500,brown ht,3
en:e161,E161,xanthophylls,,,501,xanthophylls,3
en:e355,E355,adipic acid,196.0,"adipic acid|hexanedioic acid|124-04-9|Adipinic acid|1,4-Butanedicarboxylic acid",502,adipic acid,0
en:e553ai,E553AI,synthetic magnesium silicate,,,503,synthetic magnesium silicate,2
en:e463,E463,hydroxypropyl cellulose,,,504,hydroxypropyl cellulose,0
en:e233,E233,thiabendazole,5430.0,thiabendazole|148-79-8|Tiabendazole|Mintezol|2-(4-Thiazolyl)benzimidazole,505,thiabendazole,0
en:e336i,E336I,monopotassium tartrate,,,506,monopotassium tartrate,0
en:e904,E904,shellac,,,507,shellac,2
en:e150,E150,caramel,,,508,caramel,1
en:e160d,E160D,lycopene,446925.0,"LYCOPENE|502-65-8|all-trans-Lycopene|Psi,psi-carotene|lycored",509,lycopene,3
en:e160ai,E160AI,beta-carotene,,,510,beta-carotene,3
en:e267,E267,buffered vinegar,,,511,buffered vinegar,0
en:e478,E478,lactylated fatty acid esters of glycerol and propane-1,,,512,lactylated fatty acid esters of glycerol and propane-1,2
en:e537,E537,ferrous hexacyanomanganate,,,513,ferrous hexacyanomanganate,2
en:e578,E578,calcium gluconate,,,514,calcium gluconate,2
en:e350,E350,sodium malates,8736.0,"Malic acid, disodium salt|RefChem:887666|Sodium malate|Disodium malate|676-46-0",515,sodium malates,3
en:e383,E383,calcium glycerophosphate,,,516,calcium glycerophosphate,0
en:e640i,E640I,glycine,,,517,glycine,3
en:e161a,E161A,flavoxanthin,,,518,flavoxanthin,3
en:e909,E909,spermaceti,,,519,spermaceti,2
en:e481,E481,sodium stearoyl-2-lactylate,,,520,sodium stearoyl-2-lactylate,0
en:e1440,E1440,hydroxypropyl starch,86017709.0,RefChem:596557|878-627-1|815574-81-3|Ethylamine Trifluoroacetate|ethylammonium trifluoroacetate,521,hydroxypropyl starch,2
en:e543,E543,e543 food additive,,,522,e543 food additive,2
en:e405,E405,propane-1‚2-diol alginate,131752735.0,Dricoid|Colloid 602|Many other trade names|SCHEMBL29350400|FEMA 2941,523,propane-1‚2-diol alginate,0
en:e505,E505,ferrous carbonate,,,525,ferrous carbonate,0
en:e319,E319,tertiary-butylhydroquinone (tbhq),16043.0,tert-Butylhydroquinone|1948-33-0|TBHQ|2-tert-Butylhydroquinone|T-BUTYLHYDROQUINONE,526,tertiary-butylhydroquinone (tbhq),0
en:e443,E443,brominated vegetable oil,,,527,brominated vegetable oil,0
en:e125,E125,scarlet gn,,,528,scarlet gn,3
en:e1412,E1412,distarch phosphate,58986478.0,"4,4'-(Ethyne-1,2-diyl)diphthalic Anhydride|RefChem:506482|695-093-3|129808-00-0|MFCD28976167",529,distarch phosphate,2
en:e141,E141,copper complexes of chlorophylls and chlorophyllins,,,530,copper complexes of chlorophylls and chlorophyllins,3
en:e331iii,E331III,trisodium citrate,,,531,trisodium citrate,0
en:e627,E627,disodium guanylate,135414246.0,5550-12-9|Guanosine 5'-monophosphate disodium salt|Disodium guanylate|DISODIUM 5'-GUANYLATE|Sodium guanylate,532,disodium guanylate,2
en:e943b,E943B,isobutane,6360.0,"ISOBUTANE|2-Methylpropane|75-28-5|Trimethylmethane|1,1-Dimethylethane",533,isobutane,2
en:e325,E325,sodium lactate,23666456.0,SODIUM LACTATE|72-17-3|Sodium DL-lactate|sodium 2-hydroxypropanoate|Lactic acid sodium salt,534,sodium lactate,0
en:e905b,E905B,petroleum jelly,,,535,petroleum jelly,2
en:e341,E341,calcium phosphates,,,536,calcium phosphates,0
en:e262ii,E262II,sodium diacetate,,,537,sodium diacetate,0
en:e160aiii,E160AIII,beta-carotene from blakeslea trispora,,,538,beta-carotene from blakeslea trispora,3
en:e122,E122,azorubine,19119.0,4-Hydroxy-3-((4-sulpho-1-naphthyl)azo)naphthalene-1-sulphonic acid|4-hydroxy-3-[(4-sulpho-1-naphthyl)azo]naphthalene-1-sulphonic acid|RefChem:523789|Azo rubin S|13613-55-3,539,azorubine,3
en:e210,E210,benzoic acid,243.0,benzoic acid|65-85-0|Dracylic acid|benzenecarboxylic acid|Benzeneformic acid,540,benzoic acid,3
en:exxx,EXXX,exxx food additive,,,541,exxx food additive,1
en:e314,E314,guaiacum,,,542,guaiacum,0
en:e466,E466,sodium carboxy methyl cellulose,23706213.0,"sodium;2,3,4,5,6-pentahydroxyhexanal;acetate|Carboxymethyl Cellulose SodiumCMC|Carboxymethyl cellulose sodium salt|Carboxymethyl Cellulose Sodium|C8H15NaO8",543,sodium carboxy methyl cellulose,0
en:e958,E958,glycyrrhizin,14982.0,Glycyrrhizic acid|glycyrrhizin|Glycyrrhizinic acid|1405-86-3|Glycyron,544,glycyrrhizin,2
en:e402,E402,potassium alginate,,,545,potassium alginate,0
en:e236,E236,formic acid,284.0,formic acid|64-18-6|Methanoic acid|Formylic acid|Aminic acid,546,formic acid,0
en:e502,E502,carbonates,,,547,carbonates,0
en:e1518,E1518,glyceryl triacetate,5541.0,triacetin|102-76-1|Glyceryl triacetate|Glycerol triacetate|Enzactin,548,glyceryl triacetate,2
en:e322,E322,lecithins,,,549,lecithins,0
en:e172i,E172I,black iron oxide,,,550,black iron oxide,0
en:e160e,E160E,beta-apo-8′-carotenal (c30),5478003.0,Apocarotenal|1107-26-2|beta-apo-8'-carotenal|8'-Apo-beta-carotenal|C.I. Food Orange 6,551,beta-apo-8′-carotenal (c30),3
en:e163c,E163C,malvidin,,,552,malvidin,1
en:e472f,E472F,mixed acetic and tartaric acid esters of mono- and diglycerides of fatty acids,,,553,mixed acetic and tartaric acid esters of mono- and diglycerides of fatty acids,2
en:e215,E215,sodium ethyl p-hydroxybenzoate,23681179.0,"Sodium ethylparaben|Sodium 4-(ethoxycarbonyl)phenolate|ethylparaben sodium|sodium;4-ethoxycarbonylphenolate|Ethylparaben, sodium salt",554,sodium ethyl p-hydroxybenzoate,0
en:e333i,E333I,monocalcium citrate,,,555,monocalcium citrate,0
en:e1202,E1202,polyvinylpolypyrrolidone,22013558.0,128073-16-5|ethyl 3-chloro-5-(trifluoromethyl)pyridine-2-carboxylate|DTXSID20621493|RefChem:343374|DTXCID50572247,556,polyvinylpolypyrrolidone,2
en:e120,E120,cochineal,10255083.0,CARMINIC ACID|1260-17-9|Natural red 4|Cochineal tincture|Sun Red No. 1,557,cochineal,1
en:e212,E212,potassium benzoate,23661960.0,"POTASSIUM BENZOATE|582-25-2|Benzoic acid, potassium salt|763YQN2K7K|INS NO.212",558,potassium benzoate,0
en:e322a,E322A,oat lecithin,,,559,oat lecithin,0
en:e500,E500,sodium carbonates,516892.0,SODIUM BICARBONATE|144-55-8|Sodium hydrogen carbonate|Baking soda|Sodium hydrogencarbonate,560,sodium carbonates,1
en:e491,E491,sorbitan monostearate,3793749.0,"DTXSID30859629|3,6-Anhydro-1-O-octadecanoylhexitol|96094-21-2|RefChem:272234|DTXCID90209429",561,sorbitan monostearate,0
en:e400,E400,alginic acid,131704328.0,Sazio|SCHEMBL25223442|E400|PD060953,562,alginic acid,3
en:e518,E518,magnesium sulphate,,,563,magnesium sulphate,2
en:e320,E320,butylated hydroxyanisole (bha),8456.0,"25013-16-5|Phenol, (1,1-dimethylethyl)-4-methoxy-|tert-Butyl-4-hydroxyanisole|2(3)-tert-Butyl-4-hydroxyanisole|Antrancine 12",564,butylated hydroxyanisole (bha),3
en:e900b,E900B,methylphenylpolysiloxane,,,565,methylphenylpolysiloxane,3
en:e224,E224,potassium metabisulphite,,,566,potassium metabisulphite,0
en:e418,E418,gellan gum,,,567,gellan gum,0
en:e170i,E170I,calcium carbonate,,,568,calcium carbonate,3
en:e555,E555,potassium aluminium silicate,,,570,potassium aluminium silicate,0
en:e630,E630,inosinic acid,,,571,inosinic acid,0
en:e363,E363,succinic acid,1110.0,succinic acid|butanedioic acid|110-15-6|Amber acid|Asuccin,572,succinic acid,0
en:e579,E579,iron gluconate,,,573,iron gluconate,2
en:e515i,E515I,potassium sulphate,,,574,potassium sulphate,0
en:e231,E231,orthophenyl phenol,7017.0,2-Phenylphenol|2-Hydroxybiphenyl|90-43-7|O-PHENYLPHENOL|Biphenyl-2-ol,575,orthophenyl phenol,3
en:e461,E461,methyl cellulose,44263857.0,E461|LNAZSHAWQACDHT-XIYTZBAFSA-N,576,methyl cellulose,0
en:e965ii,E965II,maltitol syrup,,,577,maltitol syrup,2
en:e163,E163,anthocyanins,,,578,anthocyanins,1
en:e452,E452,polyphosphates,,,579,polyphosphates,0
en:e908,E908,rice bran wax,,,580,rice bran wax,2
en:e552,E552,calcium silicate,73415800.0,Calcarea silicata|Huberderm 1000|INS NO.552|INS-552|S4255P4G5M,581,calcium silicate,2
en:e161g,E161G,canthaxanthin,5281227.0,Canthaxanthin|514-78-3|Canthaxanthine|Orobronze|Carophyll Red,582,canthaxanthin,3
en:e910,E910,wax ester,491773.0,CHEMBL536288|E910|SCHEMBL6012937|CHEMBL1188399|BDBM50190518,583,wax ester,0
en:e474,E474,sucroglycerides,,,584,sucroglycerides,2
en:e574,E574,gluconic acid,10690.0,gluconic acid|D-gluconic acid|526-95-4|dextronic acid|maltonic acid,585,gluconic acid,2
en:e1503,E1503,castor oil,,,586,castor oil,2
en:e304i,E304I,ascorbyl palmitate,,,587,ascorbyl palmitate,0
en:e924a,E924A,potassium bromate,,,588,potassium bromate,2
en:e924a,E924A,potassium bromate,,,599,potassium bromate,2
en:e924,E924,potassium bromate,23673461.0,"POTASSIUM BROMATE|7758-01-2|Bromic acid, potassium salt|potassium trioxobromate|04MB35W6ZA",588,potassium bromate,2
en:e924,E924,potassium bromate,23673461.0,"POTASSIUM BROMATE|7758-01-2|Bromic acid, potassium salt|potassium trioxobromate|04MB35W6ZA",599,potassium bromate,2
en:e440aiii,E440AIII,potassium pectate,,,589,potassium pectate,0
en:e632,E632,dipotassium inosinate,135564569.0,Dipotassium 5'-inosinate|UNII-3BYM6LW3RF|3BYM6LW3RF|potassium inosinate|dipotassium inosinate,590,dipotassium inosinate,2
en:e929,E929,acetone peroxide,,,591,acetone peroxide,2
en:e163a,E163A,cyanidin,,,592,cyanidin,1
en:e381,E381,ferric ammonium citrate,,,593,ferric ammonium citrate,0
en:e496,E496,sorbitan trioleate,,,594,sorbitan trioleate,2
en:e483,E483,stearyl tartrate,,,595,stearyl tartrate,0
en:e915,E915,esters of colophane,,,596,esters of colophane,2
en:e181,E181,tannin,46905123.0,E181|CHEMBL1159467|BDBM50469585,597,tannin,3
en:e337,E337,potassium sodium tartrate,,,598,potassium sodium tartrate,0
en:e550,E550,sodium silicate,,,600,sodium silicate,0
en:e635,E635,disodium 5'-ribonucleotide,137254985.0,Disodium 5'-ribonucleotide|RefChem:589391|Sodium 5'-ribonucleotide|DTXSID3020544|80702-47-2,601,disodium 5'-ribonucleotide,2
en:e450,E450,diphosphates,,,602,diphosphates,3
en:e912,E912,montanic acid esters,,,603,montanic acid esters,2
en:e15x,E15X,e15x food additive,,,604,e15x food additive,1
en:e522,E522,aluminium potassium sulphate,,,605,aluminium potassium sulphate,2
en:e422,E422,glycerol,753.0,"glycerol|glycerin|56-81-5|Glycerine|1,2,3-Propanetriol",606,glycerol,3
en:e470b,E470B,magnesium salts of fatty acids,,,607,magnesium salts of fatty acids,0
en:e102,E102,tartrazine,164825.0,Tartrazine|1934-21-0|Acid yellow 23|Yellow 5|Aizen tartrazine,608,tartrazine,3
en:e166,E166,sandalwood,,,609,sandalwood,0
en:e332ii,E332II,tripotassium citrate,,,610,tripotassium citrate,0
en:e514,E514,sodium sulphates,,,611,sodium sulphates,3
en:e414,E414,acacia gum,23669833.0,Salcaprozate sodium|203787-91-1|sodium 8-[(2-hydroxybenzoyl)amino]octanoate|E414|1YTW0422YU,612,acacia gum,0
en:e1101,E1101,protease,9690119.0,e1101,613,protease,3
en:e228,E228,potassium bisulphite,,,614,potassium bisulphite,0
en:e1203,E1203,polyvinyl alcohol,,,615,polyvinyl alcohol,2
en:e302,E302,calcium ascorbate,,,616,calcium ascorbate,0
en:e150c,E150C,ammonia caramel,,,617,ammonia caramel,1
en:e366,E366,potassium fumarate,6433511.0,"POTASSIUM FUMARATE|7704-72-5|Dipotassium fumarate|Fumaric acid, potassium salt|4151-35-3",618,potassium fumarate,0
en:e905f,E905F,mineral oil medium and low viscosity class ii,,,619,mineral oil medium and low viscosity class ii,2
en:e143,E143,fast green fcf,,,620,fast green fcf,3
en:e105,E105,fast yellow ab,75918.0,"79873-36-2|Benzenesulfonic acid, 2-amino-5-(2-(4-sulfophenyl)diazenyl)-, sodium salt (1:?)|RefChem:1078712|DTXSID701090457|Fast Yellow AB",621,fast yellow ab,3
en:e525,E525,potassium hydroxide,,,622,potassium hydroxide,0
en:e297,E297,fumaric acid,444972.0,fumaric acid|110-17-8|trans-Butenedioic acid|Allomaleic acid|Lichenic acid,623,fumaric acid,0
en:e541,E541,sodium aluminium phosphate,,,624,sodium aluminium phosphate,2
en:e441,E441,superglycerinated hydrogenated rapeseed oil,,,625,superglycerinated hydrogenated rapeseed oil,0
en:e425,E425,konjac,,,626,konjac,0
en:e519,E519,copper sulphate,,,627,copper sulphate,0
en:e343,E343,magnesium phosphates,,,628,magnesium phosphates,0
en:e419,E419,gum ghatti,,,629,gum ghatti,0
en:e335ii,E335II,disodium tartrate,,,630,disodium tartrate,0
en:e333iii,E333III,tricalcium citrate,,,631,tricalcium citrate,0
en:e586,E586,4-hexylresorcinol,,,632,4-hexylresorcinol,2
en:e967,E967,xylitol,827.0,Pentitol|6917-36-8|GlyTouCan:G72699UV|RefChem:1048587|CHEBI:25899,633,xylitol,2
en:e420,E420,sorbitol,5780.0,D-Sorbitol|sorbitol|D-Glucitol|50-70-4|glucitol,634,sorbitol,0
en:e520,E520,aluminium sulphate,,,635,aluminium sulphate,0
en:e493,E493,sorbitan monolaurate,347468.0,"16287-68-6|[2-(3,4-dihydroxyoxolan-2-yl)-2-hydroxyethyl] dodecanoate|Span 20|Sorbitan laurate (INN)|Sorbitan monolaurate (NF)",636,sorbitan monolaurate,0
en:e318,E318,calcium erythorbin,,,637,calcium erythorbin,1
en:e486,E486,calcium stearoyl fumarate,,,638,calcium stearoyl fumarate,2
en:e414a,E414A,e414a food additive,,,639,e414a food additive,0
en:e100,E100,curcumin,969516.0,curcumin|458-37-7|Diferuloylmethane|Natural yellow 3|Kacha haldi,640,curcumin,1
en:e954,E954,saccharin and its salts,5143.0,saccharin|81-07-2|o-Benzoic sulfimide|o-Sulfobenzimide|Saccharine,641,saccharin and its salts,2
en:e472b,E472B,lactic acid esters of mono- and diglycerides of fatty acids,,,642,lactic acid esters of mono- and diglycerides of fatty acids,2
en:e172iii,E172III,yellow iron oxide,,,643,yellow iron oxide,0
en:e391,E391,phytic acid,890.0,"Phytate|(2,3,4,5,6-pentaphosphonooxycyclohexyl) dihydrogen phosphate|Inositol 1,2,3,4,5,6-hexakisphosphate|RefChem:929237|Phytic acid",644,phytic acid,0
en:e300,E300,ascorbic acid,54670067.0,l-ascorbic acid|ascorbic acid|vitamin C|50-81-7|L(+)-Ascorbic acid,645,ascorbic acid,1
en:e161c,E161C,cryptoaxanthin,,,646,cryptoaxanthin,3
en:e959,E959,neohesperidine dihydrochalcone,4453.0,"Neosperidin dihydrochalcone|3,5-dihydroxy-4-[3-(3-hydroxy-4-methoxyphenyl)propanoyl]phenyl 2-O-(6-deoxyhexopyranosyl)hexopyranoside|C28H36O15|E959|NHDHC",647,neohesperidine dihydrochalcone,2
en:e1413,E1413,phosphated distarch phosphate,,,648,phosphated distarch phosphate,2
en:e209,E209,heptylparaben,132542931.0,"CHEMBL4288940|E209|GTPL10465|BDBM50589165|1-[2-(4-{dispiro[adamantane-2,2'-[1,3,4,6]tetraoxane-5',1''-cyclohexan]-4''-yl}phenoxy)ethyl]-4-fluoropiperidine",649,heptylparaben,0
en:e331i,E331I,monosodium citrate,,,650,monosodium citrate,0
