id,e_code,nombre,ssi,confidence,total_papers,papers_negative,ratio_negative,pct_human_studies,reason,efsa_status,traffic_light
en:e333ii,E333II,Dicalcium citrate,0.0055,0.07,27,3,0.121,11.0,Low negative evidence,APROVED,SEGURO
en:e321,E321,Butylated hydroxytoluene,0.7492,0.96,2298,1517,0.66,24.0,High negative evidence,APPROVED,EVITAR
en:e345,E345,Magnesium citrate,0.0823,0.23,129,51,0.399,57.0,Low negative evidence,APROVED,SEGURO
en:e303,E303,Potassium ascorbate,0.059,0.16,66,25,0.382,69.0,Low negative evidence,APPROVED,SEGURO
en:e1104,E1104,lipase,0.5163,1.0,26789,15524,0.58,32.0,High negative evidence,APROVED,EVITAR
en:e501,E501,Potassium carbonates,0.0465,0.17,69,20,0.297,66.0,Low negative evidence,APPROVED,SEGURO
en:e490,E490,Propylene glycol,0.363,0.99,2430,860,0.354,35.0,High negative evidence,APROVED,EVITAR
en:e523,E523,Aluminium ammonium sulphate,0.0412,0.11,33,16,0.505,50.0,Low negative evidence,APPROVED,SEGURO
en:e401,E401,sodium alginate,0.2345,1.0,3933,657,0.167,34.0,Moderate concerns (SSI: 23.5%),APPROVED,PRECAUCION
en:e103,E103,Alkannin,0.0921,0.32,257,88,0.342,74.0,Low negative evidence,APROVED,SEGURO
en:e121,E121,Citrus Red 2,0.0788,0.31,236,74,0.315,77.0,Low negative evidence,APROVED,SEGURO
en:e624,E624,Monoammonium glutamate,0.0261,0.1,26,6,0.253,67.0,Low negative evidence,APPROVED,SEGURO
en:e1452,E1452,Starch aluminium octenyl succinate,0.0219,0.03,5,3,0.6,50.0,Insufficient research (5 papers),APROVED,SEGURO
en:e342,E342,Ammonium phosphate,0.1748,0.6,901,322,0.358,48.0,Low negative evidence,APROVED,SEGURO
en:e1105,E1105,Lysozyme,0.4282,1.0,18040,7959,0.441,32.0,High negative evidence,APPROVED,EVITAR
en:e170ii,E170II,Calcium hydrogen carbonate,0.0064,0.02,4,1,0.333,33.0,Insufficient research (4 papers),APROVED,SEGURO
en:e968,E968,Erythritol,0.3798,0.87,1896,955,0.504,31.0,High negative evidence,RESTRICTED,EVITAR
en:e556,E556,Calcium aluminium silicate,0.0358,0.13,43,13,0.323,61.0,Low negative evidence,APPROVED,SEGURO
en:e317,E317,Erythorbin acid,0.4828,1.0,1941172,1027229,0.529,35.0,High negative evidence,APROVED,EVITAR
en:e142,E142,Green s,0.1077,1.0,5693,763,0.134,58.0,Low negative evidence,APPROVED,SEGURO
en:e1422,E1422,Acetylated distarch adipate,0.0458,0.09,21,8,0.42,50.0,Low negative evidence,APPROVED,SEGURO
en:e932,E932,Nitrogen oxide,0.2544,0.72,1294,472,0.365,51.0,Moderate concerns (SSI: 25.4%),APROVED,PRECAUCION
en:e161e,E161E,Violaxanthin,0.1943,0.66,1077,449,0.417,28.0,Low negative evidence,APROVED,SEGURO
en:e629,E629,Calcium guanylate,0.3943,0.78,1504,923,0.614,21.0,High negative evidence,APPROVED,EVITAR
en:e636,E636,Maltol,0.1242,0.35,300,112,0.374,44.0,Low negative evidence,APROVED,SEGURO
en:e249,E249,Potassium nitrite,0.0945,0.23,137,64,0.474,70.0,Low negative evidence,RESTRICTED,PRECAUCION
en:e492,E492,Sorbitan tristearate,0.065,0.19,87,32,0.377,45.0,Low negative evidence,APPROVED,SEGURO
en:e211,E211,Sodium benzoate,0.2371,0.58,831,345,0.416,38.0,Moderate concerns (SSI: 23.7%),APPROVED,PRECAUCION
en:e340,E340,Potassium phosphates,0.0606,0.19,91,31,0.35,57.0,Low negative evidence,RESTRICTED,PRECAUCION
en:e172ii,E172II,Red iron oxide,0.0,0.08,18,0,0.0,100.0,Low negative evidence,APROVED,SEGURO
en:e440aii,E440AII,Sodium pectate,0.0316,0.06,10,1,0.167,67.0,Low negative evidence,APROVED,SEGURO
en:e140,E140,Chlorophylls and Chlorophyllins,0.2287,0.43,467,268,0.576,38.0,Moderate concerns (SSI: 22.9%),APPROVED,PRECAUCION
en:e1402,E1402,Alkaline modified starch,0.1095,0.45,510,126,0.248,41.0,Low negative evidence,APROVED,SEGURO
en:e916,E916,Calcium iodate,0.0318,0.1,24,7,0.309,27.0,Low negative evidence,APROVED,SEGURO
en:e262i,E262I,Sodium acetate,0.3437,1.0,3103,1288,0.415,30.0,Moderate concerns (SSI: 34.4%),APROVED,PRECAUCION
en:e495,E495,Sorbitan monopalmitate,0.062,0.14,51,20,0.406,72.0,Low negative evidence,APPROVED,SEGURO
en:e930,E930,calcium peroxide,0.2141,0.33,279,110,0.397,53.0,Moderate concerns (SSI: 21.4%),APROVED,PRECAUCION
en:e227,E227,Calcium bisulphite,0.1279,0.28,197,116,0.593,58.0,Low negative evidence,APPROVED,EVITAR
en:e526,E526,Calcium hydroxide,0.1685,1.0,3009,483,0.161,52.0,Low negative evidence,APPROVED,SEGURO
en:e426,E426,Soybean hemicellulose,0.0529,0.14,48,19,0.398,69.0,Low negative evidence,APPROVED,SEGURO
en:e580,E580,Magnesium Gluconate,0.0433,0.13,44,16,0.366,44.0,Low negative evidence,APROVED,SEGURO
en:e338,E338,Phosphoric acid,0.1522,1.0,7582,1417,0.187,55.0,Low negative evidence,RESTRICTED,PRECAUCION
en:e162,E162,Beetroot red,0.0674,0.23,132,44,0.338,68.0,Low negative evidence,APPROVED,SEGURO
en:e106,E106,flavin mononucleotide,0.5644,1.0,3527,2089,0.592,31.0,High negative evidence,APROVED,EVITAR
en:e948,E948,Oxygen,0.4806,1.0,396131,206799,0.522,41.0,High negative evidence,APPROVED,EVITAR
en:e999,E999,Quillaia extract,0.0202,0.08,17,3,0.195,38.0,Low negative evidence,APROVED,SEGURO
en:e336ii,E336II,Dipotassium tartrate,0.0094,0.03,5,3,0.6,50.0,Insufficient research (5 papers),APROVED,SEGURO
en:e160a,E160A,carotene,0.4405,1.0,11499,6748,0.587,53.0,High negative evidence,APROVED,EVITAR
en:e306,E306,Tocopherol-rich extract,0.0581,0.18,81,32,0.395,59.0,Low negative evidence,APPROVED,SEGURO
en:e165,E165,Gardenia Blue,0.0976,0.26,175,63,0.365,67.0,Low negative evidence,APROVED,SEGURO
en:e351,E351,Potassium malate,0.0679,0.18,77,33,0.437,64.0,Low negative evidence,APPROVED,SEGURO
en:e365,E365,Sodium fumarate,0.0674,0.18,79,33,0.422,53.0,Low negative evidence,APPROVED,SEGURO
en:e151,E151,Brilliant black bn,0.0677,0.25,160,61,0.383,71.0,Low negative evidence,APROVED,SEGURO
en:e161d,E161D,Rubixanthin,0.0276,0.08,16,5,0.36,60.0,Low negative evidence,APROVED,SEGURO
en:e640ii,E640II,Sodiumglycinate,0.0,0.0,0,0,0.0,0.0,No scientific literature found,APROVED,SEGURO
en:e553,E553,Magnesium silicates,0.1238,0.45,506,145,0.288,43.0,Low negative evidence,APROVED,SEGURO
en:e1100,E1100,Alpha-Amylase,0.4911,1.0,9937,5025,0.506,37.0,High negative evidence,APROVED,EVITAR
en:e907,E907,Hydrogenated poly-1-decene,0.0465,0.08,16,8,0.552,50.0,Low negative evidence,APROVED,SEGURO
en:e482,E482,Calcium stearoyl-2-lactylate,0.0639,0.13,40,12,0.313,50.0,Low negative evidence,APPROVED,SEGURO
en:e150d,E150D,Sulphite ammonia caramel,0.0501,0.07,13,8,0.635,50.0,Low negative evidence,APROVED,EVITAR
en:e160,E160,Carotenoids,0.5282,1.0,22152,12471,0.563,47.0,High negative evidence,APROVED,EVITAR
en:e504ii,E504II,Magnesium hydroxide carbonate,0.0674,0.39,381,69,0.181,42.0,Low negative evidence,APROVED,SEGURO
en:e633,E633,Calcium inosinate,0.2169,0.4,392,206,0.526,22.0,Moderate concerns (SSI: 21.7%),APPROVED,PRECAUCION
en:e264,E264,Ammonium acetate,0.2682,1.0,3254,1179,0.363,42.0,Moderate concerns (SSI: 26.8%),APROVED,PRECAUCION
en:e434,E434,Polyoxyethylene sorbitan monopalmitate,0.0474,0.12,36,19,0.548,66.0,Low negative evidence,APPROVED,SEGURO
en:e913,E913,Lanolin,0.127,0.34,291,68,0.236,52.0,Low negative evidence,APROVED,SEGURO
en:e1208,E1208,Polyvinylpyrrolidone-vinyl acetate copolymer,0.0235,0.08,18,4,0.258,55.0,Low negative evidence,APPROVED,SEGURO
xx:e364,E364,Desconocido,0.1052,0.23,133,64,0.481,82.0,Low negative evidence,APROVED,SEGURO
en:e553a,E553A,synthetic magnesium silicates,0.0672,0.16,65,32,0.502,37.0,Low negative evidence,APROVED,SEGURO
en:e585,E585,Ferrous lactate,0.0358,0.14,50,21,0.422,50.0,Low negative evidence,APPROVED,SEGURO
en:e485,E485,Sodium stearoyl fumarate,0.0529,0.14,46,14,0.318,57.0,Low negative evidence,APROVED,SEGURO
en:e539,E539,sodium thiosulfate,0.2923,0.54,738,325,0.441,40.0,Moderate concerns (SSI: 29.2%),APROVED,PRECAUCION
en:e440a,E440A,Pectin,0.3938,1.0,8879,3456,0.389,30.0,High negative evidence,APROVED,EVITAR
en:e1403,E1403,Bleached starch,0.0614,0.19,95,34,0.361,45.0,Low negative evidence,APROVED,SEGURO
en:e442,E442,Ammonium phosphatides,0.0339,0.14,48,15,0.323,58.0,Low negative evidence,APPROVED,SEGURO
en:e163e,E163E,Peonidin,0.132,0.44,490,185,0.378,53.0,Low negative evidence,APROVED,SEGURO
en:e542,E542,Bone phosphate,0.0613,0.15,58,21,0.377,45.0,Low negative evidence,APROVED,SEGURO
en:e160c,E160C,Paprika extract,0.0107,0.02,9,3,0.373,20.0,Insufficient research (9 papers),APROVED,SEGURO
en:e356,E356,Sodium adipate,0.039,0.15,57,17,0.309,53.0,Low negative evidence,APPROVED,SEGURO
en:e517,E517,Ammonium sulphate,0.5099,0.98,2414,1119,0.464,31.0,High negative evidence,APPROVED,EVITAR
en:e417,E417,Tara gum,0.043,0.2,103,23,0.224,44.0,Low negative evidence,APPROVED,SEGURO
en:e323,E323,Anoxomer,0.0633,0.18,79,31,0.394,70.0,Low negative evidence,APROVED,SEGURO
en:e301,E301,Sodium ascorbate,0.2026,0.54,725,311,0.43,45.0,Moderate concerns (SSI: 20.3%),APPROVED,PRECAUCION
en:e331ii,E331II,Disodium citrate,0.008,0.04,10,1,0.18,33.0,Low negative evidence,APROVED,SEGURO
en:e101,E101,Riboflavin,0.6699,1.0,8742,4764,0.545,47.0,High negative evidence,APPROVED,EVITAR
en:e123,E123,Amaranth,0.2912,0.83,1725,618,0.359,45.0,Moderate concerns (SSI: 29.1%),APROVED,PRECAUCION
en:e445,E445,Glycerol esters of wood rosin,0.0588,0.16,64,26,0.41,48.0,Low negative evidence,APPROVED,SEGURO
en:e421,E421,Mannitol,0.5214,1.0,10314,5252,0.509,26.0,High negative evidence,RESTRICTED,EVITAR
en:e503,E503,Ammonium carbonates,0.3812,1.0,12151,4780,0.393,28.0,High negative evidence,APPROVED,EVITAR
en:e521,E521,Aluminium sodium sulphate,0.017,0.12,37,7,0.215,62.0,Low negative evidence,APPROVED,SEGURO
en:e403,E403,Ammonium alginate,0.0521,0.16,67,25,0.376,64.0,Low negative evidence,APPROVED,SEGURO
en:e545,E545,Ammonium polyphosphate,0.0727,0.38,366,34,0.095,60.0,Low negative evidence,APROVED,SEGURO
en:e957,E957,Thaumatin,0.1058,0.48,570,191,0.336,43.0,Low negative evidence,APPROVED,SEGURO
en:e332i,E332I,Monopotassium citrate,0.0121,0.03,10,4,0.4,14.0,Low negative evidence,APROVED,SEGURO
en:e964,E964,Polyglycitol syrup,0.0136,0.08,15,5,0.352,54.0,Low negative evidence,APROVED,SEGURO
en:e1423,E1423,Acetylated distarch glycerol,0.0193,0.07,11,3,0.303,67.0,Low negative evidence,APROVED,SEGURO
en:e540,E540,Dicalcium diphosphate,0.0518,0.12,36,17,0.494,47.0,Low negative evidence,APPROVED,SEGURO
en:e1441,E1441,Hydroxy propyl distarch glycerine,0.0048,0.06,9,0,0.089,60.0,Insufficient research (9 papers),APROVED,SEGURO
en:e440,E440,Pectins,0.4003,1.0,5577,2496,0.448,32.0,High negative evidence,APPROVED,EVITAR
en:e392,E392,Extracts of rosemary,0.0399,0.16,64,16,0.257,58.0,Low negative evidence,APPROVED,SEGURO
en:e101a,E101A,E101a food additive,0.0394,0.04,7,8,1.179,50.0,Insufficient research (7 papers),APROVED,SEGURO
en:e969,E969,Advantame,0.0563,0.13,42,18,0.442,61.0,Low negative evidence,APROVED,SEGURO
en:e335i,E335I,Monosodium tartrate,0.0773,0.04,9,8,0.919,27.0,Insufficient research (9 papers),APROVED,SEGURO
en:e213,E213,Calcium benzoate,0.0716,0.22,122,44,0.361,75.0,Low negative evidence,APPROVED,SEGURO
en:e628,E628,Dipotassium guanylate,0.0393,0.09,20,6,0.309,60.0,Low negative evidence,APPROVED,SEGURO
en:e235,E235,Natamycin,0.1512,0.43,464,160,0.346,48.0,Low negative evidence,APPROVED,SEGURO
en:e553aii,E553AII,Magnesium trisilicate,0.116,0.33,276,87,0.316,38.0,Low negative evidence,APROVED,SEGURO
en:e465,E465,Ethyl methyl cellulose,0.0571,0.13,41,18,0.449,63.0,Low negative evidence,APPROVED,SEGURO
en:e353,E353,Metatartaric acid,0.0667,0.19,92,33,0.363,62.0,Low negative evidence,APPROVED,SEGURO
en:e551,E551,Silicon dioxide,0.2429,1.0,26555,7173,0.27,48.0,Moderate concerns (SSI: 24.3%),APPROVED,PRECAUCION
en:e451,E451,Triphosphates,0.6981,1.0,4116,2621,0.637,30.0,High negative evidence,APPROVED,EVITAR
en:e163d,E163D,Pelargonidin,0.1952,0.48,587,277,0.474,47.0,Low negative evidence,APROVED,SEGURO
en:e153,E153,Vegetable carbon,0.0876,0.26,170,61,0.359,74.0,Low negative evidence,APROVED,SEGURO
en:e126,E126,Ponceau 6R,0.0901,0.26,170,70,0.415,66.0,Low negative evidence,APROVED,SEGURO
en:e180,E180,Litholrubine bk,0.0443,0.23,136,33,0.245,76.0,Low negative evidence,APROVED,SEGURO
en:e232,E232,Sodium orthophenyl phenol,0.0474,0.2,99,29,0.299,76.0,Low negative evidence,APPROVED,SEGURO
en:e406,E406,Agar,0.412,1.0,46657,19234,0.412,40.0,High negative evidence,APPROVED,EVITAR
xx:e389,E389,Desconocido,0.0931,0.24,142,55,0.388,88.0,Low negative evidence,APROVED,SEGURO
en:e462,E462,Ethyl cellulose,0.0802,0.47,556,83,0.151,40.0,Low negative evidence,APPROVED,SEGURO
en:e380,E380,Triammonium citrate,0.0524,0.17,73,26,0.37,62.0,Low negative evidence,APPROVED,SEGURO
en:e326,E326,potassium lactate,0.0368,0.26,175,38,0.222,39.0,Low negative evidence,APPROVED,SEGURO
en:e284,E284,Boric acid,0.3013,0.95,2250,670,0.298,42.0,Moderate concerns (SSI: 30.1%),APROVED,PRECAUCION
en:e477,E477,Propane-1‚2-diol esters of fatty acids,0.0538,0.15,54,22,0.413,73.0,Low negative evidence,APPROVED,SEGURO
en:e577,E577,Potassium gluconate,0.074,0.2,105,39,0.376,25.0,Low negative evidence,APPROVED,SEGURO
en:e538,E538,Calcium ferrocyanide,0.099,0.19,88,35,0.401,32.0,Low negative evidence,APROVED,SEGURO
en:e927a,E927A,Azodicarbonamide,0.0933,0.2,97,48,0.495,54.0,Low negative evidence,APROVED,SEGURO
en:e515ii,E515II,Potassium hydrogen sulphate,0.1439,0.38,358,153,0.428,34.0,Low negative evidence,APROVED,SEGURO
en:e339,E339,Sodium phosphates,0.0631,0.19,94,29,0.316,67.0,Low negative evidence,RESTRICTED,PRECAUCION
en:e911,E911,Fatty acid methyl ester,0.1775,0.6,908,373,0.412,37.0,Low negative evidence,APROVED,SEGURO
en:e965i,E965I,D-Maltitol,0.0,0.01,1,1,1.04,20.0,Insufficient research (1 papers),APROVED,SEGURO
en:e949,E949,Hydrogen,0.3273,1.0,504075,194139,0.385,35.0,Moderate concerns (SSI: 32.7%),APPROVED,PRECAUCION
en:e385,E385,Calcium disodium ethylenediaminetetraacetate,0.0534,0.16,67,26,0.391,52.0,Low negative evidence,APPROVED,SEGURO
en:e304ii,E304II,Ascorbyl stearate,0.0584,0.04,7,5,0.814,33.0,Insufficient research (7 papers),APROVED,SEGURO
en:e182,E182,Orcein,0.1637,0.41,425,132,0.311,51.0,Low negative evidence,APROVED,SEGURO
en:e216,E216,Propyl para-hydroxybenzoate,0.0364,0.21,106,25,0.24,60.0,Low negative evidence,WITHDRAWN,EVITAR
en:e334,E334,L(+)-tartaric acid,0.0932,0.36,324,106,0.327,55.0,Low negative evidence,APPROVED,SEGURO
en:e560,E560,Potassium silicate,0.0704,0.25,151,37,0.251,39.0,Low negative evidence,APROVED,SEGURO
en:e230,E230,Biphenyl,0.3827,1.0,15416,6891,0.447,30.0,High negative evidence,APPROVED,EVITAR
en:e927,E927,Azodicarbonamide and Carbamide,0.0383,0.11,28,10,0.391,56.0,Low negative evidence,APROVED,SEGURO
en:e307b,E307B,concentrated tocopherol,0.441,1.0,3935,2541,0.646,37.0,High negative evidence,APROVED,EVITAR
en:e460,E460,Cellulose,0.4778,1.0,80360,29295,0.365,31.0,High negative evidence,APPROVED,EVITAR
en:e960b,E960B,Rebaudioside from multiple gene donors expressed in Yarrowia lipolityca,0.0,0.0,0,0,0.0,0.0,No scientific literature found,APROVED,SEGURO
en:e944,E944,Propane,0.2388,1.0,7350,2189,0.298,36.0,Moderate concerns (SSI: 23.9%),APROVED,PRECAUCION
en:e160aii,E160AII,Plant carotenes,0.5195,1.0,18871,12300,0.652,45.0,High negative evidence,APROVED,EVITAR
en:e631,E631,Disodium inosinate,0.0676,0.11,33,20,0.626,53.0,Low negative evidence,APPROVED,SEGURO
en:e905e,E905E,Mineral oil medium viscosity,0.0447,0.09,19,7,0.395,67.0,Low negative evidence,APROVED,SEGURO
en:e217,E217,Sodium propyl para-hydroxybenzoate,0.0965,0.23,137,62,0.454,48.0,Low negative evidence,WITHDRAWN,EVITAR
en:e926,E926,Chlorine dioxide,0.2492,0.72,1301,506,0.389,48.0,Moderate concerns (SSI: 24.9%),WITHDRAWN,EVITAR
en:e242,E242,Dimethyl dicarbonate,0.0846,0.22,120,50,0.418,60.0,Low negative evidence,APPROVED,SEGURO
en:e352ii,E352II,Calcium hydrogen malate,0.0768,0.2,98,48,0.497,9.0,Low negative evidence,APROVED,SEGURO
en:e407a,E407A,Processed eucheuma seaweed,0.032,0.04,7,4,0.7,40.0,Insufficient research (7 papers),APROVED,SEGURO
en:e1414,E1414,Acetylated distarch phosphate,0.0671,0.11,29,14,0.498,47.0,Low negative evidence,APPROVED,SEGURO
en:e203,E203,Calcium sorbate,0.0912,0.25,156,68,0.439,59.0,Low negative evidence,WITHDRAWN,EVITAR
en:e221,E221,Sodium sulphite,0.0841,0.29,204,67,0.33,52.0,Low negative evidence,APPROVED,SEGURO
en:e553b,E553B,Talc,0.3209,0.65,1045,345,0.33,68.0,Moderate concerns (SSI: 32.1%),APROVED,PRECAUCION
en:e1520,E1520,Propylene Glycol,0.3622,0.98,2407,852,0.354,35.0,High negative evidence,APROVED,EVITAR
en:e953,E953,isomalt,0.0597,0.17,69,21,0.308,61.0,Low negative evidence,APPROVED,SEGURO
en:e1207,E1207,Anionic methacrylate copolymer,0.0214,0.07,11,3,0.331,57.0,Low negative evidence,APPROVED,SEGURO
en:e620,E620,Glutamic acid,0.4612,1.0,34160,19437,0.569,21.0,High negative evidence,APPROVED,EVITAR
en:e494,E494,Sorbitan monooleate,0.071,0.28,197,51,0.262,36.0,Low negative evidence,APPROVED,SEGURO
en:e127,E127,Erythrosine,0.1965,0.53,704,276,0.392,42.0,Low negative evidence,APPROVED,SEGURO
en:e507,E507,Hydrochloric acid,0.2914,1.0,9719,2475,0.255,36.0,Moderate concerns (SSI: 29.1%),APPROVED,PRECAUCION
en:e240,E240,Formaldehyde,0.483,1.0,22926,9123,0.398,41.0,High negative evidence,WITHDRAWN,EVITAR
en:e350ii,E350II,Sodium hydrogen malate,0.1023,0.23,138,74,0.537,17.0,Low negative evidence,APROVED,SEGURO
en:e344,E344,Lecithin citrate,0.0643,0.2,102,33,0.326,49.0,Low negative evidence,APROVED,SEGURO
en:e407,E407,Carrageenan,0.3484,1.0,4387,1319,0.301,17.0,Moderate concerns (SSI: 34.8%),APPROVED,PRECAUCION
en:e327,E327,calcium lactate,0.1008,0.39,371,118,0.32,43.0,Low negative evidence,APPROVED,SEGURO
en:e641,E641,Leucine,0.6932,1.0,53009,34111,0.644,27.0,High negative evidence,APROVED,EVITAR
en:e160b,E160B,Annatto,0.0511,0.21,110,33,0.3,35.0,Low negative evidence,APROVED,SEGURO
en:e625,E625,Magnesium diglutamate,0.0422,0.11,33,13,0.406,71.0,Low negative evidence,APPROVED,SEGURO
en:e576,E576,Sodium gluconate,0.1057,0.3,227,94,0.416,34.0,Low negative evidence,APPROVED,SEGURO
en:e1205,E1205,Basic methacrylate copolymer,0.0159,0.07,12,2,0.229,43.0,Low negative evidence,APPROVED,SEGURO
en:e1442,E1442,Hydroxypropyl distarch phosphate,0.0361,0.11,31,9,0.294,43.0,Low negative evidence,APPROVED,SEGURO
en:e476,E476,Polyglycerol polyricinoleate,0.0619,0.2,98,25,0.257,44.0,Low negative evidence,APPROVED,SEGURO
en:e339iii,E339III,Trisodium phosphate,0.0145,0.27,176,18,0.106,32.0,Low negative evidence,APROVED,SEGURO
en:e111,E111,Orange GGN,0.0974,0.29,205,77,0.378,74.0,Low negative evidence,APROVED,SEGURO
en:e710,E710,Spiramycin,0.2312,0.49,597,201,0.338,35.0,Moderate concerns (SSI: 23.1%),APROVED,PRECAUCION
en:e513,E513,Sulphuric acid,0.1784,0.76,1436,317,0.221,46.0,Low negative evidence,APPROVED,SEGURO
en:e349,E349,ammonium malate,0.0698,0.18,82,28,0.349,58.0,Low negative evidence,APROVED,SEGURO
en:e413,E413,Tragacanth,0.1195,0.33,273,75,0.275,41.0,Low negative evidence,APPROVED,SEGURO
en:e1204,E1204,Pullulan,0.2276,0.68,1156,443,0.384,37.0,Moderate concerns (SSI: 22.8%),APPROVED,PRECAUCION
en:e622,E622,Monopotassium glutamate,0.0425,0.15,59,15,0.266,52.0,Low negative evidence,APPROVED,SEGURO
en:e939,E939,Helium,0.0811,1.0,11065,1023,0.093,48.0,Low negative evidence,APPROVED,SEGURO
en:e311,E311,Octyl gallate,0.1285,0.28,200,93,0.469,48.0,Low negative evidence,RESTRICTED,PRECAUCION
en:e489,E489,Methyl glucoside-coconut oil ester,0.2375,0.76,1458,572,0.393,27.0,Moderate concerns (SSI: 23.7%),APROVED,PRECAUCION
en:e251,E251,Sodium nitrate,0.3993,0.68,1159,749,0.647,35.0,High negative evidence,RESTRICTED,EVITAR
en:e341ii,E341II,Dicalcium phosphate,0.0925,0.47,560,133,0.239,27.0,Low negative evidence,APROVED,SEGURO
en:e1206,E1206,Neutral methacrylate copolymer,0.023,0.07,11,5,0.455,100.0,Low negative evidence,APPROVED,SEGURO
en:e905d,E905D,Mineral oil high viscosity,0.3179,1.0,4279,1265,0.296,35.0,Moderate concerns (SSI: 31.8%),APROVED,PRECAUCION
en:e650,E650,Zinc acetate,0.1144,0.59,865,183,0.212,36.0,Low negative evidence,APPROVED,SEGURO
en:e535,E535,Sodium ferrocyanide,0.0961,0.19,92,45,0.491,49.0,Low negative evidence,APPROVED,SEGURO
en:e901,E901,white and yellow beeswax,0.0322,0.12,39,10,0.259,46.0,Low negative evidence,APPROVED,SEGURO
en:e473a,E473A,Oligoesters of sucrose type I,0.0024,0.01,1,1,1.0,100.0,Insufficient research (1 papers),APROVED,SEGURO
en:e265,E265,Dehydroacetic acid,0.0817,0.29,206,52,0.256,59.0,Low negative evidence,APROVED,SEGURO
en:e435,E435,Polyoxyethylene sorbitan monostearate,0.0481,0.16,66,22,0.347,60.0,Low negative evidence,APPROVED,SEGURO
en:e141ii,E141II,Copper complexes of chlorophyllins,0.0224,0.01,1,2,2.5,0.0,Insufficient research (1 papers),APROVED,SEGURO
en:e923,E923,ammonium persulfate,0.0929,0.45,504,107,0.213,55.0,Low negative evidence,APROVED,SEGURO
en:e322ii,E322II,Partially hydrolyzed lecithin,0.0359,0.04,10,5,0.54,42.0,Low negative evidence,APROVED,SEGURO
en:e340i,E340I,Monopotassium phosphate,0.0528,0.14,46,20,0.45,53.0,Low negative evidence,APROVED,SEGURO
en:e956,E956,Alitame,0.0191,0.14,49,12,0.251,64.0,Low negative evidence,APPROVED,SEGURO
en:e468,E468,Cross-linked sodium carboxymethylcellulose,0.0499,0.15,53,16,0.302,59.0,Low negative evidence,APPROVED,SEGURO
en:e238,E238,Calcium formiate,0.0651,0.19,92,36,0.395,61.0,Low negative evidence,APPROVED,SEGURO
en:e484,E484,Stearyl citrate,0.0761,0.14,49,24,0.501,72.0,Low negative evidence,APPROVED,SEGURO
en:e1410,E1410,Monostarch phosphate,0.043,0.07,12,7,0.609,62.0,Low negative evidence,APPROVED,SEGURO
en:e307c,E307C,DL-Alpha-tocopherol,0.197,0.29,213,134,0.63,23.0,Low negative evidence,APROVED,SEGURO
en:e140i,E140I,Chlorophylls,0.3931,1.0,3138,1372,0.437,33.0,High negative evidence,APROVED,EVITAR
en:e960c,E960C,Enzymatically produced steviol glycosides,0.0289,0.08,15,11,0.737,50.0,Low negative evidence,APROVED,SEGURO
en:e262,E262,Sodium acetates,0.065,0.19,89,32,0.36,63.0,Low negative evidence,APPROVED,SEGURO
en:e432,E432,Polyoxyethylene sorbitan monolaurate,0.0444,0.17,76,21,0.283,60.0,Low negative evidence,APPROVED,SEGURO
en:e1200,E1200,Polydextrose,0.0849,0.29,206,89,0.434,52.0,Low negative evidence,APPROVED,SEGURO
en:e171,E171,Titanium dioxide,0.2897,1.0,17997,5647,0.314,43.0,Moderate concerns (SSI: 29.0%),RESTRICTED,PRECAUCION
en:e473,E473,Sucrose esters of fatty acids,0.0397,0.15,54,15,0.285,68.0,Low negative evidence,APPROVED,SEGURO
en:e573,E573,Aluminium stearate,0.0385,0.13,40,12,0.3,62.0,Low negative evidence,APROVED,SEGURO
en:e501i,E501I,Potassium carbonate,0.0869,0.53,707,146,0.207,35.0,Low negative evidence,APROVED,SEGURO
en:e369,E369,Alanin,0.1626,0.28,200,97,0.487,45.0,Low negative evidence,APROVED,SEGURO
en:e160aiv,E160AIV,Algal carotenes,0.2538,0.53,711,380,0.535,31.0,Moderate concerns (SSI: 25.4%),APROVED,PRECAUCION
en:e1504,E1504,ethyl acetate,0.3082,1.0,8209,2858,0.348,40.0,Moderate concerns (SSI: 30.8%),APROVED,PRECAUCION
en:e164,E164,saffron,0.1764,0.59,876,264,0.301,49.0,Low negative evidence,APROVED,SEGURO
en:e260,E260,Acetic acid,0.3484,1.0,35969,13778,0.383,30.0,Moderate concerns (SSI: 34.8%),APPROVED,PRECAUCION
en:e430,E430,Polyoxyethylene (8) stearate,0.0586,0.13,44,19,0.435,62.0,Low negative evidence,APPROVED,SEGURO
en:e450vii,E450VII,Calcium dihydrogen diphosphate,0.3079,0.48,572,321,0.562,22.0,Moderate concerns (SSI: 30.8%),APROVED,PRECAUCION
en:e530,E530,Magnesium oxide,0.1936,1.0,2506,462,0.185,47.0,Low negative evidence,APPROVED,SEGURO
en:e1505,E1505,Triethyl citrate,0.0402,0.19,90,17,0.195,39.0,Low negative evidence,APROVED,SEGURO
en:e388,E388,Thiodipropionic acid,0.051,0.17,74,36,0.494,56.0,Low negative evidence,APROVED,SEGURO
en:e416,E416,Karaya-gum,0.1003,0.22,118,44,0.376,62.0,Low negative evidence,APPROVED,SEGURO
en:e516,E516,Calcium sulphate,0.0522,0.29,205,38,0.188,44.0,Low negative evidence,APPROVED,SEGURO
en:e500ii,E500II,Sodium hydrogen carbonate,0.0649,0.21,110,40,0.372,44.0,Low negative evidence,APROVED,SEGURO
en:e357,E357,Potassium adipate,0.0875,0.2,104,37,0.356,51.0,Low negative evidence,APPROVED,SEGURO
en:e290,E290,Carbon dioxide,0.4082,1.0,90483,34609,0.382,40.0,High negative evidence,APROVED,EVITAR
en:e201,E201,Sodium sorbate,0.0876,0.23,138,64,0.466,64.0,Low negative evidence,APPROVED,SEGURO
en:e905ci,E905CI,Microcrystalline wax,0.0109,0.09,19,2,0.118,50.0,Low negative evidence,APROVED,SEGURO
en:e339i,E339I,Monosodium phosphate,0.0613,0.2,99,34,0.345,15.0,Low negative evidence,APROVED,SEGURO
en:e965,E965,maltitol,0.1296,0.32,251,107,0.428,52.0,Low negative evidence,APPROVED,SEGURO
en:e223,E223,Sodium metabisulphite,0.0761,0.26,171,55,0.327,62.0,Low negative evidence,APPROVED,EVITAR
en:e1451,E1451,Acetylated oxidised starch,0.1023,0.23,132,70,0.538,35.0,Low negative evidence,APPROVED,SEGURO
en:e951,E951,Aspartame,0.3801,0.65,1065,573,0.539,60.0,High negative evidence,RESTRICTED,EVITAR
en:e962,E962,Salt of aspartame-acesulfame,0.03,0.08,16,7,0.443,62.0,Low negative evidence,RESTRICTED,PRECAUCION
en:e1443,E1443,Hydroxy propyl distarch glycerol,0.0133,0.04,8,3,0.393,57.0,Insufficient research (8 papers),APROVED,SEGURO
en:e906,E906,Benzoin resin,0.0133,0.08,16,2,0.165,80.0,Low negative evidence,APROVED,SEGURO
en:e460i,E460I,Microcrystalline cellulose,0.1967,0.8,1584,433,0.274,32.0,Low negative evidence,APROVED,SEGURO
en:e399,E399,Calcium lactobionate,0.0576,0.18,82,28,0.348,65.0,Low negative evidence,APROVED,SEGURO
en:e307a,E307A,D-Alpha-tocopherol,0.19,0.26,163,107,0.661,34.0,Low negative evidence,APROVED,SEGURO
en:e960a,E960A,Steviol glycosides from Stevia,0.1398,0.32,255,115,0.453,38.0,Low negative evidence,APROVED,SEGURO
en:e160bii,E160BII,Annatto norbixin,0.0071,0.01,2,0,0.375,50.0,Insufficient research (2 papers),APROVED,SEGURO
en:e938,E938,Argon,0.082,1.0,10985,1158,0.105,43.0,Low negative evidence,APPROVED,SEGURO
xx:e390,E390,Desconocido,0.1058,0.23,134,60,0.455,83.0,Low negative evidence,APROVED,SEGURO
en:e1421,E1421,Acetylated starch,0.0722,0.19,91,32,0.353,48.0,Low negative evidence,APROVED,SEGURO
en:e452ii,E452II,Potassium polyphosphate,0.1754,0.36,323,153,0.476,27.0,Low negative evidence,APROVED,SEGURO
en:e511,E511,Magnesium chloride,0.4094,1.0,2777,1208,0.435,25.0,High negative evidence,APPROVED,EVITAR
en:e411,E411,E411 food additive,0.0602,0.15,60,25,0.42,77.0,Low negative evidence,APROVED,SEGURO
en:e440aiv,E440AIV,Ammonium Pectate,0.0499,0.12,34,17,0.51,33.0,Low negative evidence,APROVED,SEGURO
en:e472e,E472E,Mono- and diacetyltartaric acid esters of mono- and diglycerides of fatty acids,0.0057,0.02,3,2,0.667,100.0,Insufficient research (3 papers),APROVED,SEGURO
en:e451i,E451I,Pentasodium triphosphate,0.0217,0.04,9,1,0.192,25.0,Insufficient research (9 papers),APROVED,SEGURO
en:e160f,E160F,Ethyl ester of beta-apo-8'-carotenic acid (C 30),0.0,0.0,0,0,0.0,0.0,No scientific literature found,APROVED,SEGURO
en:e313,E313,Ethyl gallate,0.0709,0.26,173,52,0.306,54.0,Low negative evidence,APROVED,SEGURO
en:e960,E960,Steviol glycosides,0.1943,0.36,320,155,0.485,53.0,Low negative evidence,RESTRICTED,PRECAUCION
en:e427,E427,Cassia gum,0.0474,0.17,72,20,0.291,64.0,Low negative evidence,APPROVED,SEGURO
en:e527,E527,Ammonium hydroxide,0.1526,0.68,1164,315,0.271,46.0,Low negative evidence,APPROVED,SEGURO
en:e107,E107,Yellow 2G,0.1264,0.32,257,116,0.453,67.0,Low negative evidence,APROVED,SEGURO
en:e470aiii,E470AIII,Calcium salts of fatty acids,0.024,0.05,45,19,0.433,3.0,Low negative evidence,APROVED,SEGURO
en:e450ii,E450II,Trisodium diphosphate,0.0286,0.11,28,11,0.394,37.0,Low negative evidence,APROVED,SEGURO
en:e544,E544,Calcium polyphosphate,0.0405,0.19,91,26,0.291,28.0,Low negative evidence,APROVED,SEGURO
en:e307,E307,Alpha-tocopherol,0.448,1.0,8374,5274,0.63,36.0,High negative evidence,APPROVED,EVITAR
en:e1401,E1401,Acid-treated modified starch,0.0192,0.09,19,5,0.27,56.0,Low negative evidence,APROVED,SEGURO
en:e444,E444,Sucrose acetate isobutyrate,0.0689,0.16,64,33,0.519,56.0,Low negative evidence,APPROVED,SEGURO
en:e927b,E927B,Carbamide,0.0673,0.5,621,91,0.148,51.0,Low negative evidence,APROVED,SEGURO
en:e1430,E1430,Distarch glycerine,0.0106,0.06,9,2,0.262,62.0,Insufficient research (9 papers),APROVED,SEGURO
en:e332,E332,Potassium citrates,0.3505,0.78,1516,602,0.397,30.0,High negative evidence,APPROVED,EVITAR
en:e514ii,E514II,Sodium hydrogen sulphate,0.0042,0.03,4,1,0.25,100.0,Insufficient research (4 papers),APROVED,SEGURO
en:e14xx,E14XX,Modified Starch,0.1491,0.54,724,121,0.168,33.0,Low negative evidence,APROVED,SEGURO
en:e132,E132,Indigotine,0.0937,0.3,219,80,0.366,66.0,Low negative evidence,APPROVED,SEGURO
en:e917,E917,potassium iodate,0.0689,0.25,161,61,0.38,61.0,Low negative evidence,APROVED,SEGURO
en:e368,E368,ammonium fumarate,0.0539,0.16,61,23,0.378,68.0,Low negative evidence,APROVED,SEGURO
en:e440i,E440I,non-amidated pectines,0.0,0.0,0,0,0.0,0.0,No scientific literature found,APROVED,SEGURO
en:e450v,E450V,Tetrapotassium diphosphate,0.0012,0.04,9,0,0.076,40.0,Insufficient research (9 papers),APROVED,SEGURO
en:e384,E384,Isopropyl citrates,0.0462,0.15,56,21,0.387,62.0,Low negative evidence,APROVED,SEGURO
en:e226,E226,Calcium sulphite,0.0439,0.18,84,24,0.288,69.0,Low negative evidence,APPROVED,EVITAR
en:e942,E942,Nitrous oxide,0.3595,1.0,12703,3832,0.302,53.0,High negative evidence,APPROVED,EVITAR
en:e280,E280,Propionic acid,0.3606,1.0,6533,2878,0.441,21.0,High negative evidence,APPROVED,EVITAR
en:e470ai,E470AI,Sodium salts of fatty acids,0.0575,0.02,7,3,0.493,25.0,Insufficient research (7 papers),APROVED,SEGURO
en:e343ii,E343II,Dimagnesium phosphate,0.0071,0.04,8,2,0.3,33.0,Insufficient research (8 papers),APROVED,SEGURO
en:e637,E637,Ethyl maltol,0.0885,0.17,76,31,0.408,56.0,Low negative evidence,APROVED,SEGURO
en:e335,E335,Sodium tartrates,0.162,0.53,713,248,0.349,39.0,Low negative evidence,APPROVED,SEGURO
en:e903,E903,Carnauba wax,0.0453,0.27,178,21,0.119,37.0,Low negative evidence,APPROVED,SEGURO
en:e921,E921,L-cysteine hydrochloride monohydrate,0.0098,0.1,24,3,0.125,50.0,Low negative evidence,APROVED,SEGURO
en:e945,E945,chloropentafluoroethane,0.0276,0.09,20,8,0.411,67.0,Low negative evidence,APROVED,SEGURO
en:e425ii,E425II,Konjac glucomannan,0.1253,0.45,514,96,0.187,28.0,Low negative evidence,APROVED,SEGURO
en:e541ii,E541II,Alkaline sodium aluminium phosphate,0.0034,0.01,2,1,0.5,0.0,Insufficient research (2 papers),APROVED,SEGURO
en:e330,E330,Citric acid,0.5037,1.0,19561,9335,0.477,36.0,High negative evidence,APPROVED,EVITAR
en:e234,E234,Nisin,0.2745,0.95,2255,873,0.387,33.0,Moderate concerns (SSI: 27.4%),APPROVED,PRECAUCION
en:e464,E464,Hydroxypropyl methyl cellulose,0.039,0.24,142,25,0.179,38.0,Low negative evidence,APPROVED,SEGURO
en:e440b,E440B,pectin amide,0.0,0.01,1,1,1.0,100.0,Insufficient research (1 papers),APROVED,SEGURO
en:e316,E316,sodium erythorbate,0.0802,0.23,131,49,0.379,38.0,Low negative evidence,APPROVED,SEGURO
en:e557,E557,hemimorphite,0.0406,0.15,57,16,0.283,75.0,Low negative evidence,APROVED,SEGURO
en:e488,E488,Ethoxylated Mono- and Di-Glycerides,0.0561,0.14,48,21,0.452,76.0,Low negative evidence,APROVED,SEGURO
en:e457,E457,Alpha-Cyclodextrine,0.0604,0.15,53,21,0.411,50.0,Low negative evidence,APROVED,SEGURO
en:e340iii,E340III,Tripotassium phosphate,-0.0001,0.02,8,0,0.075,0.0,Insufficient research (8 papers),APROVED,SEGURO
en:e130,E130,Indanthrene blue RS,0.0685,0.24,143,50,0.354,63.0,Low negative evidence,APROVED,SEGURO
en:e420ii,E420II,Sorbitol syrup,0.0,0.01,1,0,0.0,20.0,Insufficient research (1 papers),APROVED,SEGURO
en:e282,E282,calcium propionate,0.0949,0.29,205,79,0.388,34.0,Low negative evidence,APPROVED,SEGURO
en:e940,E940,Dichlorodifluoromethane,0.0789,0.21,111,37,0.336,42.0,Low negative evidence,APROVED,SEGURO
en:e472d,E472D,Tartaric acid esters of mono- and diglycerides of fatty acids,0.0069,0.02,2,2,1.0,100.0,Insufficient research (2 papers),APROVED,SEGURO
en:e452v,E452V,Ammonium polyphosphate,0.0524,0.36,319,23,0.072,40.0,Low negative evidence,APROVED,SEGURO
en:e471,E471,Mono- and diglycerides of fatty acids,0.0649,0.15,59,23,0.407,46.0,Low negative evidence,APPROVED,SEGURO
en:e239,E239,Hexamethylene tetramine,0.0609,0.25,151,43,0.291,68.0,Low negative evidence,APPROVED,SEGURO
en:e571,E571,E571,0.0286,0.11,28,9,0.321,80.0,Low negative evidence,APROVED,SEGURO
en:e469,E469,Enzymatically hydrolysed carboxymethylcellulose,0.0566,0.17,72,27,0.386,65.0,Low negative evidence,APPROVED,SEGURO
en:e1000,E1000,Cholic acid,0.6391,0.9,2039,1178,0.578,27.0,High negative evidence,APPROVED,EVITAR
en:e173,E173,Aluminium,0.2549,1.0,10055,2619,0.261,49.0,Moderate concerns (SSI: 25.5%),RESTRICTED,PRECAUCION
en:e285,E285,Sodium tetraborate (borax),0.0654,0.2,98,33,0.346,70.0,Low negative evidence,APROVED,SEGURO
en:e101i,E101I,Riboflavin,0.6887,1.0,8497,4670,0.55,46.0,High negative evidence,APROVED,EVITAR
en:e1209,E1209,Polyvinyl alcohol-polyethylene glycol-graft-co-polymer,0.0063,0.08,15,1,0.108,67.0,Low negative evidence,APPROVED,SEGURO
en:e503i,E503I,Ammonium carbonate,0.0595,0.31,244,47,0.193,30.0,Low negative evidence,APROVED,SEGURO
en:e501ii,E501II,Potassium hydrogen carbonate,0.0135,0.08,16,4,0.281,80.0,Low negative evidence,APROVED,SEGURO
en:e133,E133,Brilliant blue FCF,0.0777,0.33,277,74,0.268,66.0,Low negative evidence,APPROVED,SEGURO
en:e261,E261,Potassium acetate,0.1211,0.45,517,144,0.28,24.0,Low negative evidence,APPROVED,SEGURO
en:e431,E431,Polyoxyethylene (40) stearate,0.0458,0.15,53,15,0.292,65.0,Low negative evidence,APPROVED,SEGURO
en:e905,E905,Synthetic wax,0.0319,0.12,34,9,0.288,43.0,Low negative evidence,APROVED,SEGURO
en:e161j,E161J,Astaxanthin,0.3767,0.93,2148,965,0.45,27.0,High negative evidence,APROVED,EVITAR
en:e333,E333,Calcium citrates,0.526,0.94,2228,1102,0.495,37.0,High negative evidence,APPROVED,EVITAR
en:e1420,E1420,Acetylated starch,0.0797,0.19,93,35,0.379,58.0,Low negative evidence,APPROVED,SEGURO
en:e470aii,E470AII,Potassium salts of fatty acids,0.0162,0.03,10,4,0.48,17.0,Low negative evidence,APROVED,SEGURO
en:e558,E558,Bentonite,0.2154,1.0,4338,911,0.21,39.0,Moderate concerns (SSI: 21.5%),APROVED,PRECAUCION
en:e487,E487,sodium dodecyl sulfate,0.6161,1.0,31191,14975,0.48,31.0,High negative evidence,APROVED,EVITAR
en:e902,E902,Candelilla wax,0.0339,0.19,88,9,0.103,47.0,Low negative evidence,APPROVED,SEGURO
en:e458,E458,Gamma-Cyclodextrine,0.0512,0.14,48,24,0.504,62.0,Low negative evidence,APROVED,SEGURO
en:e966,E966,Lactitol,0.1078,0.25,154,77,0.504,51.0,Low negative evidence,APPROVED,SEGURO
en:e370,E370,1‚4-Heptonolactone,0.0584,0.17,72,24,0.342,71.0,Low negative evidence,APPROVED,SEGURO
en:e500i,E500I,Sodium carbonate,0.2097,0.83,1722,474,0.276,41.0,Moderate concerns (SSI: 21.0%),APROVED,PRECAUCION
en:e900a,E900A,Dimethyl polysiloxane,0.0582,0.15,58,16,0.279,62.0,Low negative evidence,APROVED,SEGURO
en:e252,E252,Potassium nitrate,0.1784,0.58,831,302,0.364,49.0,Low negative evidence,RESTRICTED,PRECAUCION
en:e170,E170,Calcium carbonates,0.0872,0.35,315,89,0.283,63.0,Low negative evidence,APPROVED,SEGURO
en:e1210,E1210,Carbomer,0.033,0.21,115,18,0.159,55.0,Low negative evidence,APPROVED,SEGURO
en:e1450,E1450,Starch sodium octenyl succinate,0.0389,0.08,18,8,0.472,70.0,Low negative evidence,APPROVED,SEGURO
en:e375,E375,Nicotinic acid,0.8681,1.0,5987,2363,0.395,43.0,High negative evidence,APPROVED,EVITAR
en:e141i,E141I,Copper complexes of chlorophylls,0.0129,0.01,3,2,0.833,0.0,Insufficient research (3 papers),APROVED,SEGURO
en:e283,E283,Potassium propionate,0.0756,0.19,90,38,0.427,60.0,Low negative evidence,APPROVED,SEGURO
en:e638,E638,E638,0.041,0.11,31,10,0.332,64.0,Low negative evidence,APROVED,SEGURO
en:e296,E296,Malic acid,0.4457,1.0,4196,2052,0.489,29.0,High negative evidence,APROVED,EVITAR
en:e175,E175,Gold,0.2146,1.0,107118,25749,0.24,60.0,Moderate concerns (SSI: 21.5%),RESTRICTED,PRECAUCION
en:e1400,E1400,Dextrin,0.2408,0.65,1054,434,0.412,29.0,Moderate concerns (SSI: 24.1%),APROVED,PRECAUCION
en:e359,E359,ammonium adipate,0.0522,0.16,65,23,0.358,73.0,Low negative evidence,APROVED,SEGURO
en:e943a,E943A,Butane,0.1776,1.0,2914,682,0.234,42.0,Low negative evidence,APROVED,SEGURO
en:e472g,E472G,Succinylated monoglycerides,0.024,0.03,6,5,0.833,67.0,Insufficient research (6 papers),APROVED,SEGURO
en:e341i,E341I,Monocalcium phosphate,0.0522,0.28,190,45,0.24,9.0,Low negative evidence,APROVED,SEGURO
en:e905a,E905A,mineral oil,0.3628,0.92,2104,717,0.341,32.0,High negative evidence,APROVED,EVITAR
en:e900,E900,Dimethylpolysiloxane and Methylphenylpolysiloxane,0.0173,0.1,26,6,0.261,71.0,Low negative evidence,APPROVED,SEGURO
en:e154,E154,Brown FK,0.088,0.25,162,61,0.377,70.0,Low negative evidence,APROVED,SEGURO
en:e1517,E1517,Glyceryl diacetate,0.0234,0.1,27,5,0.194,33.0,Low negative evidence,APROVED,SEGURO
en:e140ii,E140II,Chlorophyllins,0.0911,0.11,29,14,0.512,38.0,Low negative evidence,APROVED,SEGURO
en:e340ii,E340II,Dipotassium phosphate,0.0624,0.12,34,16,0.472,50.0,Low negative evidence,APROVED,SEGURO
en:e250,E250,Sodium nitrite,0.6116,0.91,2072,1170,0.565,24.0,High negative evidence,RESTRICTED,EVITAR
en:e322i,E322I,Lecithin,0.7819,1.0,4922,2191,0.445,43.0,High negative evidence,APROVED,EVITAR
en:e354,E354,Calcium tartrate,0.0817,0.2,98,39,0.401,53.0,Low negative evidence,APROVED,SEGURO
en:e172,E172,Iron oxides and iron hydroxides,0.1868,0.57,815,318,0.391,59.0,Low negative evidence,APPROVED,SEGURO
en:e918,E918,Nitrogen oxides,0.3385,1.0,7255,2932,0.404,46.0,Moderate concerns (SSI: 33.8%),APROVED,PRECAUCION
en:e367,E367,Calcium fumarate,0.0627,0.19,94,38,0.413,56.0,Low negative evidence,APROVED,SEGURO
en:e452iii,E452III,Sodium calcium polyphosphate,0.0867,0.26,172,61,0.359,42.0,Low negative evidence,APROVED,SEGURO
en:e336,E336,Potassium tartrates,0.1678,0.49,593,203,0.344,33.0,Low negative evidence,APPROVED,SEGURO
en:e428,E428,Gelatine,0.1503,0.61,945,248,0.263,46.0,Low negative evidence,APPROVED,SEGURO
en:e214,E214,Ethyl p-hydroxybenzoate,0.1183,0.26,167,82,0.492,64.0,Low negative evidence,APPROVED,SEGURO
en:e163f,E163F,Petunidin,0.1033,0.37,337,124,0.368,56.0,Low negative evidence,APROVED,SEGURO
en:e160bi,E160BI,Annatto bixin,0.0486,0.14,47,18,0.403,31.0,Low negative evidence,APROVED,SEGURO
en:e310,E310,Propyl gallate,0.3135,0.55,752,443,0.59,31.0,Moderate concerns (SSI: 31.3%),RESTRICTED,PRECAUCION
en:e528,E528,Magnesium hydroxide,0.1101,0.58,832,183,0.22,52.0,Low negative evidence,APPROVED,SEGURO
en:e472c,E472C,Citric acid esters of mono- and diglycerides of fatty acids,0.0042,0.01,3,1,0.333,0.0,Insufficient research (3 papers),APROVED,SEGURO
en:e1510,E1510,Ethanol,0.4063,1.0,98314,42628,0.434,38.0,High negative evidence,APROVED,EVITAR
en:e308,E308,Gamme-tocopherol,0.0613,0.17,75,27,0.366,79.0,Low negative evidence,APPROVED,EVITAR
en:e222,E222,Sodium bisulphite,0.1488,0.28,195,109,0.562,64.0,Low negative evidence,APPROVED,SEGURO
en:e110,E110,Sunset yellow FCF,0.0935,0.36,323,104,0.322,60.0,Low negative evidence,APPROVED,SEGURO
en:e1102,E1102,Glucose oxidase,0.3883,1.0,6503,3128,0.481,51.0,High negative evidence,APROVED,EVITAR
en:e350i,E350I,Sodium malate,0.0057,0.02,8,1,0.188,0.0,Insufficient research (8 papers),APROVED,SEGURO
en:e946,E946,octafluorocyclobutane,0.0245,0.13,43,11,0.275,42.0,Low negative evidence,APROVED,SEGURO
en:e640,E640,Glycine and its sodium salt,0.3239,0.72,1301,672,0.517,24.0,Moderate concerns (SSI: 32.4%),APPROVED,PRECAUCION
en:e161b,E161B,Lutein,0.3954,1.0,3822,2083,0.545,56.0,High negative evidence,APROVED,EVITAR
en:e219,E219,Sodium methyl p-hydroxybenzoate,0.0732,0.24,139,53,0.386,68.0,Low negative evidence,APPROVED,SEGURO
en:e225,E225,Calcium Disulphite,0.0678,0.21,106,41,0.392,74.0,Low negative evidence,APROVED,EVITAR
en:e963,E963,Tagatose,0.1929,0.45,508,294,0.58,35.0,Low negative evidence,APROVED,SEGURO
en:e241,E241,Gum Guaicum,0.056,0.2,102,28,0.278,66.0,Low negative evidence,APROVED,SEGURO
en:e905cii,E905CII,Paraffin wax,0.1662,0.59,863,271,0.314,56.0,Low negative evidence,APROVED,SEGURO
en:e504,E504,Magnesium carbonates,0.0632,0.19,93,30,0.325,48.0,Low negative evidence,APPROVED,SEGURO
en:e1001,E1001,Choline salt,0.0429,0.12,35,12,0.357,44.0,Low negative evidence,APPROVED,SEGURO
en:e404,E404,Calcium alginate,0.228,0.75,1394,441,0.317,40.0,Moderate concerns (SSI: 22.8%),APPROVED,PRECAUCION
en:e450iii,E450III,Tetrasodium diphosphate,0.006,0.02,4,1,0.312,25.0,Insufficient research (4 papers),APROVED,SEGURO
en:e312,E312,Dodecyl gallate,0.0598,0.21,109,34,0.32,60.0,Low negative evidence,RESTRICTED,PRECAUCION
en:e1405,E1405,Enzyme treated starch,0.2648,0.59,863,450,0.522,25.0,Moderate concerns (SSI: 26.5%),APROVED,PRECAUCION
en:e124,E124,Ponceau 4r,0.1032,0.37,342,108,0.317,57.0,Low negative evidence,APPROVED,SEGURO
en:e621,E621,Monosodium glutamate,0.3537,0.71,1274,618,0.485,27.0,High negative evidence,APPROVED,EVITAR
en:e150b,E150B,Caustic sulphite caramel,0.0,0.0,0,0,0.0,0.0,No scientific literature found,APROVED,EVITAR
en:e352i,E352I,Calcium malate,0.0046,0.03,15,4,0.33,0.0,Low negative evidence,APROVED,SEGURO
en:e324,E324,Ethoxyquin,0.3933,0.38,355,247,0.698,20.0,High negative evidence,APROVED,EVITAR
en:e220,E220,Sulphur dioxide,0.1808,0.6,887,259,0.292,72.0,Low negative evidence,APPROVED,SEGURO
en:e509,E509,Calcium chloride,0.403,1.0,6704,2262,0.337,21.0,High negative evidence,APPROVED,EVITAR
en:e315,E315,Erythorbic acid,0.0965,0.24,148,71,0.481,59.0,Low negative evidence,APPROVED,SEGURO
en:e642,E642,E642,0.0385,0.11,29,8,0.297,61.0,Low negative evidence,APROVED,SEGURO
en:e1404,E1404,Oxidised starch,0.0409,0.08,18,8,0.451,50.0,Low negative evidence,APPROVED,SEGURO
xx:e386,E386,Desconocido,0.0834,0.23,129,55,0.429,88.0,Low negative evidence,APROVED,SEGURO
en:e409,E409,Arabinogalactan,0.2962,0.87,1891,853,0.451,34.0,Moderate concerns (SSI: 29.6%),APROVED,PRECAUCION
en:e129,E129,Allura red,0.1252,0.4,402,132,0.331,59.0,Low negative evidence,APPROVED,SEGURO
en:e161i,E161I,Citranaxanthin,0.0013,0.02,8,0,0.117,0.0,Insufficient research (8 papers),APROVED,SEGURO
en:e329,E329,Magnesium lactate,0.0631,0.18,84,32,0.387,69.0,Low negative evidence,APROVED,SEGURO
en:e1521,E1521,Polyethylene glycol,0.3352,1.0,14167,4823,0.34,37.0,Moderate concerns (SSI: 33.5%),APROVED,PRECAUCION
en:e420i,E420I,D-sorbitol,0.1512,0.45,499,218,0.439,35.0,Low negative evidence,APROVED,SEGURO
en:e452vi,E452VI,Sodium tripolyphosphate,0.0807,0.44,485,88,0.182,26.0,Low negative evidence,APROVED,SEGURO
en:e922,E922,Potassium persulfate,0.1148,0.44,484,130,0.269,58.0,Low negative evidence,APROVED,SEGURO
en:e472a,E472A,Acetic acid esters of mono- and diglycerides of fatty acids,0.0659,0.05,7,4,0.625,75.0,Insufficient research (7 papers),APROVED,SEGURO
en:e246,E246,Glycolipids,0.5456,1.0,11147,5952,0.534,36.0,High negative evidence,APROVED,EVITAR
en:e905g,E905G,Mineral oil medium and low viscosity class III,0.0024,0.01,1,1,1.0,100.0,Insufficient research (1 papers),APROVED,SEGURO
en:e914,E914,Oxidised polyethylene wax,0.0477,0.16,67,17,0.256,31.0,Low negative evidence,APPROVED,SEGURO
en:e470,E470,Sodium/potassium/calcium and magnesium salts of fatty acids,0.0499,0.11,30,10,0.356,67.0,Low negative evidence,APROVED,SEGURO
en:e570,E570,Fatty acids,0.4843,1.0,143716,73990,0.515,31.0,High negative evidence,APPROVED,EVITAR
en:e433,E433,Polyoxyethylene sorbitan monooleate,0.0544,0.2,97,31,0.325,66.0,Low negative evidence,APPROVED,SEGURO
en:e925,E925,Chlorine,0.3957,1.0,23658,9397,0.397,40.0,High negative evidence,WITHDRAWN,EVITAR
en:e263,E263,Calcium acetate,0.1134,0.36,318,109,0.344,49.0,Low negative evidence,APPROVED,SEGURO
en:e941,E941,Nitrogen,0.3367,1.0,244513,89014,0.364,34.0,Moderate concerns (SSI: 33.7%),APPROVED,PRECAUCION
en:e101ii,E101II,Riboflavin-5′-phosphate,0.1593,0.21,108,50,0.47,25.0,Low negative evidence,APROVED,SEGURO
en:e131,E131,Patent blue v,0.1033,0.31,245,87,0.357,67.0,Low negative evidence,APPROVED,SEGURO
en:e634,E634,Calcium 5'-ribonucleotide,0.0301,0.12,34,14,0.43,42.0,Low negative evidence,APROVED,SEGURO
en:e503ii,E503II,Ammonium hydrogen carbonate,0.0243,0.12,35,9,0.257,50.0,Low negative evidence,APROVED,SEGURO
en:e341iii,E341III,Tricalcium phosphate,0.1676,1.0,2890,674,0.233,34.0,Low negative evidence,APROVED,SEGURO
en:e331,E331,Sodium citrates,0.348,1.0,5476,2020,0.369,39.0,Moderate concerns (SSI: 34.8%),APPROVED,PRECAUCION
en:e919,E919,Nitrosyl chloride,0.0308,0.16,66,15,0.241,76.0,Low negative evidence,APROVED,SEGURO
en:e440ii,E440II,Amidated pectin,0.0287,0.1,27,7,0.275,42.0,Low negative evidence,APROVED,SEGURO
en:e554,E554,Sodium aluminium silicate,0.0528,0.12,36,16,0.465,52.0,Low negative evidence,APPROVED,SEGURO
en:e500iii,E500III,Sodium sesquicarbonate,0.0116,0.04,25,7,0.311,5.0,Low negative evidence,APROVED,SEGURO
en:e470a,E470A,Sodium/potassium and calcium salts of fatty acids,0.032,0.02,6,6,1.054,25.0,Insufficient research (6 papers),APROVED,SEGURO
en:e450vi,E450VI,Dicalcium diphosphate,0.0098,0.05,12,4,0.394,25.0,Low negative evidence,APROVED,SEGURO
en:e237,E237,Sodium formiate,0.0535,0.19,94,28,0.305,62.0,Low negative evidence,APPROVED,SEGURO
en:e920,E920,l-cysteine,0.5926,1.0,6837,4377,0.64,35.0,High negative evidence,APPROVED,EVITAR
en:e467,E467,Ethulose,0.0589,0.14,50,19,0.392,75.0,Low negative evidence,APROVED,SEGURO
en:e514i,E514I,Sodium sulphate,0.135,0.38,364,130,0.358,28.0,Low negative evidence,APROVED,SEGURO
en:e572,E572,Magnesium stearate,0.0555,0.17,71,22,0.312,57.0,Low negative evidence,APROVED,SEGURO
en:e472,E472,acid esters of mono- and diglycerides of fatty acids,0.0389,0.14,50,15,0.31,76.0,Low negative evidence,APROVED,SEGURO
en:e559,E559,Aluminium silicate,0.0479,0.2,97,23,0.241,53.0,Low negative evidence,APPROVED,SEGURO
en:e459,E459,Beta-cyclodextrine,0.0591,0.18,80,31,0.392,61.0,Low negative evidence,APPROVED,SEGURO
en:e281,E281,Sodium propionate,0.1341,0.36,330,132,0.401,27.0,Low negative evidence,APPROVED,SEGURO
en:e541i,E541I,Acid sodium aluminium phosphate,0.0309,0.03,6,3,0.5,50.0,Insufficient research (6 papers),APROVED,SEGURO
en:e425i,E425I,Konjac gum,0.0675,0.14,46,6,0.13,29.0,Low negative evidence,APROVED,SEGURO
en:e575,E575,Glucono-delta-lactone,0.086,0.34,296,77,0.262,30.0,Low negative evidence,APPROVED,SEGURO
en:e626,E626,Guanylic acid,0.2048,0.27,189,100,0.53,37.0,Moderate concerns (SSI: 20.5%),APPROVED,PRECAUCION
en:e343i,E343I,Monomagnesium phosphate,0.0,0.01,1,0,0.0,100.0,Insufficient research (1 papers),APROVED,SEGURO
en:e475,E475,Polyglycerol esters of fatty acids,0.0506,0.15,53,16,0.302,48.0,Low negative evidence,APPROVED,SEGURO
en:e479b,E479B,Thermally oxidised soya bean oil interacted with mono- and diglycerides of fatty acids,0.0224,0.01,1,2,2.5,0.0,Insufficient research (1 papers),APROVED,SEGURO
en:e451ii,E451II,Pentapotassium triphosphate,0.0,0.01,3,0,0.0,0.0,Insufficient research (3 papers),APROVED,SEGURO
en:e1411,E1411,Distarch glycerol,0.0141,0.06,8,1,0.208,67.0,Insufficient research (8 papers),APROVED,SEGURO
en:e163b,E163B,Delphinidin,0.2133,0.6,915,399,0.436,45.0,Moderate concerns (SSI: 21.3%),APROVED,PRECAUCION
en:e450iv,E450IV,dipotassium dihydrogenpyrophosphate,0.0,0.0,0,0,0.0,0.0,No scientific literature found,APROVED,SEGURO
en:e955,E955,Sucralose,0.2186,0.51,646,288,0.446,56.0,Moderate concerns (SSI: 21.9%),RESTRICTED,PRECAUCION
en:e243,E243,Ethyl lauroyl arginate,0.0708,0.24,142,47,0.333,70.0,Low negative evidence,APROVED,SEGURO
en:e961,E961,Neotame,0.0574,0.2,97,30,0.319,62.0,Low negative evidence,RESTRICTED,PRECAUCION
en:e161f,E161F,Rhodoxanthin,0.0166,0.08,31,7,0.229,15.0,Low negative evidence,APROVED,SEGURO
en:e450viii,E450VIII,E450viii,0.0,0.0,0,0,0.0,0.0,No scientific literature found,APROVED,SEGURO
en:e508,E508,Potassium chloride,0.4471,1.0,13318,5303,0.398,13.0,High negative evidence,APPROVED,EVITAR
en:e1519,E1519,Benzyl alcohol,0.215,1.0,2765,714,0.258,31.0,Moderate concerns (SSI: 21.5%),APROVED,PRECAUCION
en:e408,E408,Bakers yeast glycan,0.1965,0.38,364,220,0.606,36.0,Low negative evidence,APROVED,SEGURO
en:e952,E952,Cyclamic acid and its Na and Ca salts,0.0159,0.08,16,5,0.332,77.0,Low negative evidence,RESTRICTED,PRECAUCION
en:e450i,E450I,Disodium diphosphate,0.0,0.01,3,0,0.0,20.0,Insufficient research (3 papers),APROVED,SEGURO
en:e128,E128,Red 2G,0.0935,0.27,183,71,0.393,71.0,Low negative evidence,APPROVED,SEGURO
en:e536,E536,Potassium ferrocyanide,0.1283,0.39,385,123,0.321,33.0,Low negative evidence,APPROVED,SEGURO
en:e202,E202,Potassium sorbate,0.1301,0.51,653,175,0.269,43.0,Low negative evidence,RESTRICTED,PRECAUCION
en:e436,E436,Polyoxyethylene sorbitan tristearate,0.0258,0.14,46,10,0.22,72.0,Low negative evidence,APPROVED,SEGURO
en:e266,E266,Sodium dehydroacetate,0.069,0.2,96,32,0.342,62.0,Low negative evidence,APROVED,SEGURO
en:e713,E713,Tylosin,0.187,0.64,1024,325,0.318,17.0,Low negative evidence,APROVED,SEGURO
en:e328,E328,ammonium lactate,0.0546,0.22,118,42,0.357,46.0,Low negative evidence,APROVED,SEGURO
en:e510,E510,Ammonium chloride,0.5573,1.0,6067,2768,0.456,26.0,High negative evidence,APROVED,EVITAR
en:e410,E410,Locust bean gum,0.1561,0.49,601,203,0.339,50.0,Low negative evidence,APPROVED,SEGURO
en:e161h,E161H,Zeaxanthin,0.3945,1.0,2692,1602,0.595,57.0,High negative evidence,APROVED,EVITAR
en:e452iv,E452IV,Calcium polyphosphate,0.0316,0.16,66,19,0.29,25.0,Low negative evidence,APROVED,SEGURO
en:e429,E429,peptone,0.3522,1.0,4415,1788,0.405,29.0,High negative evidence,APPROVED,EVITAR
en:e529,E529,Calcium oxide,0.1059,0.59,865,156,0.181,35.0,Low negative evidence,APPROVED,SEGURO
en:e415,E415,Xanthan gum,0.1765,0.76,1440,284,0.198,44.0,Low negative evidence,APPROVED,SEGURO
en:e309,E309,Delta-tocopherol,0.1138,0.4,404,169,0.42,50.0,Low negative evidence,APPROVED,SEGURO
en:e515,E515,Potassium sulphates,0.0539,0.13,41,16,0.406,68.0,Low negative evidence,APPROVED,SEGURO
en:e339ii,E339II,Disodium phosphate,0.0627,0.19,95,25,0.269,32.0,Low negative evidence,APROVED,SEGURO
en:e905c,E905C,Petroleum wax,0.1468,0.64,1027,250,0.244,26.0,Low negative evidence,APROVED,SEGURO
en:e104,E104,Quinoline yellow,0.116,0.33,277,115,0.418,68.0,Low negative evidence,APPROVED,SEGURO
en:e960d,E960D,Glucosylated steviol glycosides,0.0545,0.03,6,6,1.15,67.0,Insufficient research (6 papers),APROVED,SEGURO
en:e950,E950,Acesulfame k,0.1057,0.3,224,91,0.408,63.0,Low negative evidence,RESTRICTED,PRECAUCION
en:e623,E623,Calcium diglutamate,0.0281,0.1,23,6,0.302,55.0,Low negative evidence,APPROVED,SEGURO
en:e1103,E1103,Invertase,0.471,1.0,3629,1960,0.54,26.0,High negative evidence,APPROVED,EVITAR
en:e218,E218,Methyl p-hydroxybenzoate,0.0786,0.25,160,57,0.36,54.0,Low negative evidence,APPROVED,SEGURO
en:e452i,E452I,Sodium polyphosphate,0.0275,0.16,65,12,0.194,51.0,Low negative evidence,APROVED,SEGURO
en:e424,E424,Curdlan,0.139,0.46,530,213,0.402,37.0,Low negative evidence,APROVED,SEGURO
en:e1201,E1201,Polyvinylpyrrolidone,0.2337,1.0,3908,746,0.191,38.0,Moderate concerns (SSI: 23.4%),APPROVED,PRECAUCION
en:e524,E524,Sodium hydroxide,0.235,1.0,7267,1859,0.256,41.0,Moderate concerns (SSI: 23.5%),APPROVED,PRECAUCION
en:e200,E200,Sorbic acid,0.3093,0.7,1216,655,0.539,55.0,Moderate concerns (SSI: 30.9%),RESTRICTED,PRECAUCION
en:e304,E304,Fatty acid esters of ascorbic acid,0.1054,0.25,156,75,0.485,46.0,Low negative evidence,APPROVED,SEGURO
en:e924b,E924B,Calcium bromate,0.0064,0.03,11,5,0.514,14.0,Low negative evidence,APROVED,SEGURO
en:e412,E412,Guar gum,0.2543,0.75,1388,426,0.307,36.0,Moderate concerns (SSI: 25.4%),APPROVED,PRECAUCION
en:e460ii,E460II,Powdered cellulose,0.0609,0.12,36,9,0.257,17.0,Low negative evidence,APROVED,SEGURO
en:e512,E512,Stannous chloride,0.1745,0.44,478,199,0.417,33.0,Low negative evidence,APPROVED,SEGURO
en:e504i,E504I,Magnesium carbonate,0.0893,0.48,585,121,0.208,47.0,Low negative evidence,APROVED,SEGURO
en:e270,E270,Lactic acid,0.3877,1.0,43379,20996,0.484,39.0,High negative evidence,APPROVED,EVITAR
en:e928,E928,Benzole peroxide,0.3325,0.64,1022,626,0.613,24.0,Moderate concerns (SSI: 33.3%),APROVED,PRECAUCION
en:e152,E152,Black 7984,0.0968,0.26,170,71,0.419,74.0,Low negative evidence,APROVED,SEGURO
en:e446,E446,Succistearin,0.0332,0.13,44,15,0.341,57.0,Low negative evidence,APROVED,SEGURO
en:e546,E546,Magnesium pyrophosphate,0.0605,0.24,143,41,0.293,33.0,Low negative evidence,APROVED,SEGURO
en:e174,E174,Silver,0.2705,1.0,77553,20442,0.264,47.0,Moderate concerns (SSI: 27.0%),RESTRICTED,PRECAUCION
en:e150a,E150A,Plain caramel,0.0192,0.03,6,4,0.756,56.0,Insufficient research (6 papers),APROVED,SEGURO
en:e352,E352,Calcium malates,0.2485,0.52,671,363,0.542,20.0,Moderate concerns (SSI: 24.9%),APPROVED,PRECAUCION
en:e155,E155,Brown ht,0.0989,0.26,171,75,0.442,67.0,Low negative evidence,APROVED,SEGURO
en:e161,E161,Xanthophylls,0.3962,1.0,3740,2204,0.589,42.0,High negative evidence,APROVED,EVITAR
en:e355,E355,Adipic acid,0.2256,0.63,997,367,0.369,40.0,Moderate concerns (SSI: 22.6%),APPROVED,PRECAUCION
en:e553ai,E553AI,Synthetic magnesium silicate,0.0406,0.15,53,11,0.212,25.0,Low negative evidence,APROVED,SEGURO
en:e463,E463,Hydroxypropyl cellulose,0.0481,0.36,322,40,0.127,45.0,Low negative evidence,APPROVED,SEGURO
en:e233,E233,Thiabendazole,0.2882,0.65,1064,436,0.41,30.0,Moderate concerns (SSI: 28.8%),APPROVED,PRECAUCION
en:e336i,E336I,Monopotassium tartrate,0.0,0.01,1,0,0.0,20.0,Insufficient research (1 papers),APROVED,SEGURO
en:e904,E904,Shellac,0.0598,0.28,203,32,0.16,61.0,Low negative evidence,APPROVED,EVITAR
en:e150,E150,Caramel,0.1736,0.52,682,245,0.36,60.0,Low negative evidence,APROVED,EVITAR
en:e160d,E160D,Lycopene,0.4712,1.0,3484,2295,0.659,59.0,High negative evidence,APROVED,EVITAR
en:e160ai,E160AI,Beta-carotene,0.4142,1.0,9664,5760,0.596,52.0,High negative evidence,APROVED,EVITAR
en:e267,E267,Buffered vinegar,0.0584,0.19,90,34,0.385,62.0,Low negative evidence,APROVED,SEGURO
en:e478,E478,Lactylated fatty acid esters of glycerol and propane-1,0.0708,0.12,34,14,0.423,71.0,Low negative evidence,APPROVED,SEGURO
en:e537,E537,ferrous hexacyanomanganate,0.0216,0.13,44,6,0.159,76.0,Low negative evidence,APROVED,SEGURO
en:e578,E578,calcium gluconate,0.2131,0.38,364,150,0.412,47.0,Moderate concerns (SSI: 21.3%),APPROVED,PRECAUCION
en:e350,E350,Sodium malates,0.4435,0.61,924,514,0.557,31.0,High negative evidence,APPROVED,EVITAR
en:e383,E383,calcium glycerophosphate,0.0469,0.23,135,31,0.233,52.0,Low negative evidence,APROVED,SEGURO
en:e640i,E640I,Glycine,0.494,1.0,73199,36384,0.497,27.0,High negative evidence,APROVED,EVITAR
en:e161a,E161A,Flavoxanthin,0.0173,0.07,12,5,0.486,67.0,Low negative evidence,APROVED,SEGURO
en:e909,E909,Spermaceti,0.017,0.14,51,7,0.143,33.0,Low negative evidence,APROVED,SEGURO
en:e481,E481,Sodium stearoyl-2-lactylate,0.0422,0.16,66,17,0.271,59.0,Low negative evidence,APPROVED,SEGURO
en:e1440,E1440,Hydroxypropyl starch,0.0417,0.18,80,18,0.235,34.0,Low negative evidence,APPROVED,SEGURO
en:e543,E543,E543 food additive,0.0456,0.12,38,16,0.438,68.0,Low negative evidence,APROVED,SEGURO
en:e405,E405,Propane-1‚2-diol alginate,0.0627,0.22,126,38,0.306,59.0,Low negative evidence,APPROVED,SEGURO
en:e931,E931,Nitrogen,0.3367,1.0,244505,89010,0.364,34.0,Moderate concerns (SSI: 33.7%),APROVED,PRECAUCION
en:e505,E505,Ferrous carbonate,0.0488,0.17,69,25,0.366,56.0,Low negative evidence,APROVED,SEGURO
en:e319,E319,Tertiary-butylhydroquinone (tbhq),0.0853,0.23,128,48,0.381,53.0,Low negative evidence,APPROVED,SEGURO
en:e443,E443,Brominated vegetable oil,0.0603,0.17,74,30,0.412,52.0,Low negative evidence,APPROVED,SEGURO
en:e125,E125,Scarlet GN,0.083,0.28,194,67,0.35,72.0,Low negative evidence,APROVED,SEGURO
en:e1412,E1412,Distarch phosphate,0.0595,0.16,65,16,0.261,43.0,Low negative evidence,APPROVED,SEGURO
en:e141,E141,Copper complexes of chlorophylls and chlorophyllins,0.1028,0.28,199,83,0.418,71.0,Low negative evidence,APPROVED,SEGURO
en:e331iii,E331III,Trisodium citrate,0.0886,0.4,401,92,0.232,40.0,Low negative evidence,APROVED,SEGURO
en:e627,E627,Disodium guanylate,0.0475,0.14,48,15,0.331,62.0,Low negative evidence,APPROVED,SEGURO
en:e943b,E943B,Isobutane,0.0705,0.42,436,77,0.178,49.0,Low negative evidence,APROVED,SEGURO
en:e325,E325,sodium lactate,0.1654,0.51,659,252,0.383,34.0,Low negative evidence,APPROVED,SEGURO
en:e905b,E905B,petroleum jelly,0.0161,0.18,84,6,0.075,47.0,Low negative evidence,APROVED,SEGURO
en:e341,E341,Calcium phosphates,0.2106,1.0,6318,1770,0.28,39.0,Moderate concerns (SSI: 21.1%),RESTRICTED,PRECAUCION
en:e262ii,E262II,Sodium diacetate,0.0228,0.24,139,20,0.149,28.0,Low negative evidence,APROVED,SEGURO
en:e160aiii,E160AIII,Beta-carotene from blakeslea trispora,0.0714,0.19,94,64,0.691,39.0,Low negative evidence,APROVED,SEGURO
en:e122,E122,Azorubine,0.1033,0.32,253,88,0.351,65.0,Low negative evidence,APPROVED,SEGURO
en:e210,E210,Benzoic acid,0.3075,1.0,8130,3037,0.374,35.0,Moderate concerns (SSI: 30.7%),APPROVED,PRECAUCION
en:exxx,EXXX,Exxx food additive,0.6195,1.0,191460,106408,0.556,32.0,High negative evidence,APROVED,EVITAR
en:e314,E314,Guaiacum,0.0862,0.21,111,55,0.497,67.0,Low negative evidence,APROVED,SEGURO
en:e466,E466,Sodium carboxy methyl cellulose,0.0441,0.13,45,14,0.331,77.0,Low negative evidence,APPROVED,SEGURO
en:e958,E958,Glycyrrhizin,0.1372,0.34,282,126,0.449,35.0,Low negative evidence,APROVED,SEGURO
en:e402,E402,Potassium alginate,0.0605,0.17,72,25,0.358,54.0,Low negative evidence,APPROVED,SEGURO
en:e236,E236,Formic acid,0.2604,1.0,10918,3428,0.314,39.0,Moderate concerns (SSI: 26.0%),APPROVED,PRECAUCION
en:e502,E502,Carbonates,0.222,1.0,10588,2457,0.232,40.0,Moderate concerns (SSI: 22.2%),APROVED,PRECAUCION
en:e1518,E1518,Glyceryl triacetate,0.0298,0.12,36,11,0.321,29.0,Low negative evidence,APROVED,SEGURO
en:e322,E322,Lecithins,0.5763,0.72,1289,409,0.318,39.0,High negative evidence,APPROVED,EVITAR
en:e172i,E172I,Black iron oxide,0.0263,0.07,11,3,0.279,67.0,Low negative evidence,APROVED,SEGURO
en:e160e,E160E,Beta-apo-8′-carotenal (c30),0.0032,0.03,11,3,0.327,14.0,Low negative evidence,APROVED,SEGURO
en:e163c,E163C,Malvidin,0.1294,0.53,695,227,0.327,51.0,Low negative evidence,APROVED,SEGURO
en:e472f,E472F,Mixed acetic and tartaric acid esters of mono- and diglycerides of fatty acids,0.0069,0.02,2,2,1.0,100.0,Insufficient research (2 papers),APROVED,SEGURO
en:e215,E215,Sodium ethyl p-hydroxybenzoate,0.0709,0.23,131,49,0.379,67.0,Low negative evidence,APPROVED,SEGURO
en:e333i,E333I,Monocalcium citrate,0.0,0.01,1,1,1.0,100.0,Insufficient research (1 papers),APROVED,SEGURO
en:e1202,E1202,Polyvinylpolypyrrolidone,0.0492,0.25,159,42,0.27,49.0,Low negative evidence,APPROVED,SEGURO
en:e120,E120,Cochineal,0.1067,0.4,391,115,0.297,44.0,Low negative evidence,APPROVED,SEGURO
en:e212,E212,Potassium benzoate,0.0599,0.23,137,40,0.292,62.0,Low negative evidence,APPROVED,SEGURO
en:e322a,E322A,Oat lecithin,0.011,0.02,6,1,0.312,25.0,Insufficient research (6 papers),APROVED,SEGURO
en:e500,E500,Sodium carbonates,0.0471,0.18,77,26,0.341,57.0,Low negative evidence,APPROVED,SEGURO
en:e491,E491,Sorbitan monostearate,0.0623,0.2,97,32,0.332,39.0,Low negative evidence,APPROVED,SEGURO
en:e400,E400,Alginic acid,0.1153,0.43,469,122,0.261,33.0,Low negative evidence,APPROVED,SEGURO
en:e518,E518,Magnesium sulphate,0.1146,0.39,373,104,0.281,47.0,Low negative evidence,APROVED,SEGURO
en:e320,E320,Butylated hydroxyanisole (bha),0.543,0.52,677,593,0.877,23.0,High negative evidence,APPROVED,EVITAR
en:e900b,E900B,Methylphenylpolysiloxane,0.0017,0.01,2,0,0.25,0.0,Insufficient research (2 papers),APROVED,SEGURO
en:e224,E224,Potassium metabisulphite,0.0664,0.24,139,48,0.352,48.0,Low negative evidence,APPROVED,EVITAR
en:e418,E418,Gellan gum,0.1185,0.49,600,151,0.252,40.0,Low negative evidence,APPROVED,SEGURO
en:e170i,E170I,Calcium carbonate,0.196,1.0,9624,2192,0.228,29.0,Low negative evidence,APROVED,SEGURO
xx:e387,E387,Desconocido,0.0809,0.23,132,49,0.375,87.0,Low negative evidence,APROVED,SEGURO
en:e555,E555,Potassium aluminium silicate,0.0429,0.14,46,12,0.282,56.0,Low negative evidence,APPROVED,SEGURO
en:e630,E630,Inosinic acid,0.3313,0.29,207,104,0.506,26.0,Moderate concerns (SSI: 33.1%),APPROVED,PRECAUCION
en:e363,E363,Succinic acid,0.4568,1.0,4843,2532,0.523,25.0,High negative evidence,APPROVED,EVITAR
en:e579,E579,iron gluconate,0.0313,0.14,47,12,0.266,53.0,Low negative evidence,APPROVED,SEGURO
en:e515i,E515I,Potassium sulphate,0.026,0.18,80,11,0.139,31.0,Low negative evidence,APROVED,SEGURO
en:e231,E231,Orthophenyl phenol,0.0554,0.19,90,29,0.323,73.0,Low negative evidence,APPROVED,SEGURO
en:e461,E461,methyl cellulose,0.1502,0.54,727,179,0.247,33.0,Low negative evidence,APPROVED,SEGURO
en:e965ii,E965II,Maltitol syrup,0.0084,0.03,4,1,0.25,100.0,Insufficient research (4 papers),APROVED,SEGURO
en:e163,E163,Anthocyanins,0.4514,1.0,11157,5103,0.457,48.0,High negative evidence,APPROVED,EVITAR
en:e452,E452,Polyphosphates,0.4585,1.0,3603,1878,0.521,37.0,High negative evidence,APPROVED,EVITAR
en:e908,E908,Rice bran wax,0.0397,0.16,68,11,0.171,29.0,Low negative evidence,APROVED,SEGURO
en:e552,E552,Calcium silicate,0.1162,0.88,1932,237,0.123,43.0,Low negative evidence,APPROVED,SEGURO
en:e161g,E161G,Canthaxanthin,0.1654,0.49,589,287,0.488,27.0,Low negative evidence,APROVED,SEGURO
en:e910,E910,Wax ester,0.1642,0.39,379,184,0.486,26.0,Low negative evidence,APROVED,SEGURO
en:e474,E474,Sucroglycerides,0.0403,0.14,50,15,0.319,64.0,Low negative evidence,APPROVED,SEGURO
en:e574,E574,Gluconic acid,0.3167,0.78,1532,760,0.496,30.0,Moderate concerns (SSI: 31.7%),APPROVED,PRECAUCION
en:e1503,E1503,Castor oil,0.2139,0.66,1096,307,0.28,33.0,Moderate concerns (SSI: 21.4%),APROVED,PRECAUCION
en:e304i,E304I,Ascorbyl palmitate,0.1009,0.24,150,66,0.441,29.0,Low negative evidence,APROVED,SEGURO
en:e924a,E924A,Potassium bromate,0.5234,0.35,315,374,1.188,37.0,High negative evidence,APROVED,EVITAR
en:e440aiii,E440AIII,Potassium pectate,0.0048,0.01,1,2,2.0,100.0,Insufficient research (1 papers),APROVED,SEGURO
en:e632,E632,Dipotassium inosinate,0.0497,0.11,33,13,0.403,59.0,Low negative evidence,APPROVED,SEGURO
en:e929,E929,acetone peroxide,0.0226,0.1,27,7,0.263,80.0,Low negative evidence,APROVED,SEGURO
en:e163a,E163A,Cyanidin,0.3464,0.94,2230,921,0.413,43.0,Moderate concerns (SSI: 34.6%),APROVED,PRECAUCION
en:e381,E381,ferric ammonium citrate,0.1955,0.35,304,190,0.627,41.0,Low negative evidence,APROVED,SEGURO
en:e496,E496,Sorbitan trioleate,0.0494,0.16,62,18,0.301,52.0,Low negative evidence,APROVED,SEGURO
en:e483,E483,Stearyl tartrate,0.0611,0.14,47,20,0.435,68.0,Low negative evidence,APPROVED,SEGURO
en:e915,E915,Esters of Colophane,0.03,0.09,19,5,0.301,64.0,Low negative evidence,APROVED,SEGURO
en:e181,E181,Tannin,0.2836,1.0,3940,1041,0.264,28.0,Moderate concerns (SSI: 28.4%),APROVED,PRECAUCION
en:e337,E337,Potassium sodium tartrate,0.0583,0.2,99,32,0.325,68.0,Low negative evidence,APPROVED,SEGURO
en:e924,E924,Potassium bromate,0.4955,0.36,326,379,1.164,38.0,High negative evidence,WITHDRAWN,EVITAR
en:e550,E550,Sodium silicate,0.0772,0.61,929,110,0.119,51.0,Low negative evidence,APROVED,SEGURO
en:e635,E635,Disodium 5'-ribonucleotide,0.039,0.11,33,11,0.343,54.0,Low negative evidence,APPROVED,SEGURO
en:e450,E450,Diphosphates,0.712,1.0,5530,3043,0.55,36.0,High negative evidence,APPROVED,EVITAR
en:e912,E912,Montanic acid esters,0.0171,0.1,26,5,0.216,32.0,Low negative evidence,APPROVED,SEGURO
en:e15x,E15X,E15x food additive,0.6195,1.0,191460,106408,0.556,32.0,High negative evidence,APROVED,EVITAR
en:e522,E522,Aluminium potassium sulphate,0.0426,0.13,42,12,0.294,67.0,Low negative evidence,APPROVED,SEGURO
en:e422,E422,Glycerol,0.4759,1.0,43491,20671,0.475,27.0,High negative evidence,APPROVED,EVITAR
en:e470b,E470B,Magnesium salts of fatty acids,0.0158,0.01,2,2,1.25,0.0,Insufficient research (2 papers),APROVED,SEGURO
en:e102,E102,Tartrazine,0.242,0.59,865,313,0.362,53.0,Moderate concerns (SSI: 24.2%),APPROVED,PRECAUCION
en:e166,E166,Sandalwood,0.1123,0.37,346,130,0.376,58.0,Low negative evidence,APROVED,SEGURO
en:e332ii,E332II,Tripotassium citrate,0.0117,0.06,10,1,0.16,60.0,Low negative evidence,APROVED,SEGURO
en:e514,E514,Sodium sulphates,0.5626,1.0,46154,21310,0.462,31.0,High negative evidence,APPROVED,EVITAR
en:e414,E414,Acacia gum,0.0943,0.24,146,52,0.357,52.0,Low negative evidence,APPROVED,SEGURO
en:e1101,E1101,Protease,0.5436,1.0,67375,45736,0.679,39.0,High negative evidence,APROVED,EVITAR
en:e228,E228,Potassium bisulphite,0.0909,0.25,152,60,0.398,56.0,Low negative evidence,APROVED,EVITAR
en:e1203,E1203,Polyvinyl alcohol,0.1757,1.0,6498,1021,0.157,41.0,Low negative evidence,APPROVED,SEGURO
en:e302,E302,Calcium ascorbate,0.0732,0.21,111,37,0.337,68.0,Low negative evidence,APPROVED,SEGURO
en:e150c,E150C,Ammonia caramel,0.0556,0.05,13,8,0.617,18.0,Low negative evidence,APROVED,EVITAR
en:e366,E366,Potassium fumarate,0.0509,0.17,71,26,0.375,69.0,Low negative evidence,APPROVED,SEGURO
en:e905f,E905F,Mineral oil medium and low viscosity class II,0.0024,0.01,1,1,1.0,100.0,Insufficient research (1 papers),APROVED,SEGURO
en:e143,E143,Fast Green FCF,0.1175,0.35,300,108,0.361,60.0,Low negative evidence,APROVED,SEGURO
en:e105,E105,Fast Yellow AB,0.0758,0.32,261,74,0.286,68.0,Low negative evidence,APROVED,SEGURO
en:e525,E525,Potassium hydroxide,0.1623,0.89,1989,400,0.201,44.0,Low negative evidence,APPROVED,SEGURO
en:e297,E297,Fumaric acid,0.2769,0.72,1290,598,0.464,32.0,Moderate concerns (SSI: 27.7%),APROVED,PRECAUCION
en:e541,E541,Sodium aluminium phosphate,0.0641,0.12,38,18,0.484,63.0,Low negative evidence,APPROVED,SEGURO
en:e441,E441,Superglycerinated hydrogenated rapeseed oil,0.1273,0.32,259,114,0.441,27.0,Low negative evidence,APPROVED,SEGURO
en:e425,E425,Konjac,0.1711,0.57,817,203,0.249,32.0,Low negative evidence,APPROVED,SEGURO
en:e519,E519,Copper sulphate,0.3,0.48,582,288,0.497,26.0,Moderate concerns (SSI: 30.0%),APROVED,PRECAUCION
en:e343,E343,Magnesium phosphates,0.0645,0.26,172,52,0.304,53.0,Low negative evidence,RESTRICTED,PRECAUCION
en:e419,E419,Gum ghatti,0.0633,0.19,94,28,0.3,65.0,Low negative evidence,APPROVED,SEGURO
en:e335ii,E335II,Disodium tartrate,0.0031,0.02,6,0,0.087,20.0,Insufficient research (6 papers),APROVED,SEGURO
en:e333iii,E333III,Tricalcium citrate,0.0063,0.03,4,0,0.188,50.0,Insufficient research (4 papers),APROVED,SEGURO
en:e586,E586,4-hexylresorcinol,0.0579,0.19,87,32,0.375,38.0,Low negative evidence,APPROVED,SEGURO
en:e967,E967,Xylitol,0.4522,1.0,2718,1509,0.555,49.0,High negative evidence,APPROVED,EVITAR
en:e420,E420,Sorbitol,0.4971,1.0,7108,3661,0.515,33.0,High negative evidence,RESTRICTED,EVITAR
en:e520,E520,Aluminium sulphate,0.0799,0.26,172,61,0.356,50.0,Low negative evidence,APPROVED,SEGURO
en:e493,E493,Sorbitan monolaurate,0.0621,0.22,122,35,0.291,49.0,Low negative evidence,APPROVED,SEGURO
en:e318,E318,Calcium erythorbin,0.4607,1.0,313426,160962,0.514,28.0,High negative evidence,APROVED,EVITAR
en:e486,E486,Calcium stearoyl fumarate,0.0535,0.11,33,16,0.512,72.0,Low negative evidence,APROVED,SEGURO
en:e414a,E414A,E414a food additive,0.0105,0.03,4,5,1.25,100.0,Insufficient research (4 papers),APROVED,SEGURO
en:e100,E100,Curcumin,0.509,1.0,4971,2805,0.564,40.0,High negative evidence,APPROVED,EVITAR
en:e954,E954,saccharin and its salts,0.0792,0.19,89,35,0.397,31.0,Low negative evidence,RESTRICTED,PRECAUCION
en:e472b,E472B,Lactic acid esters of mono- and diglycerides of fatty acids,0.0032,0.01,3,3,1.0,50.0,Insufficient research (3 papers),APROVED,SEGURO
en:e172iii,E172III,Yellow iron oxide,0.0,0.04,9,0,0.0,50.0,Insufficient research (9 papers),APROVED,SEGURO
en:e391,E391,Phytic acid,0.4474,1.0,4259,2062,0.484,42.0,High negative evidence,APPROVED,EVITAR
en:e300,E300,Ascorbic acid,0.586,1.0,36197,19502,0.539,41.0,High negative evidence,APPROVED,EVITAR
en:e161c,E161C,Cryptoaxanthin,0.0,0.0,0,0,0.0,0.0,No scientific literature found,APROVED,SEGURO
en:e959,E959,Neohesperidine dihydrochalcone,0.0421,0.11,30,10,0.341,59.0,Low negative evidence,APPROVED,SEGURO
en:e1413,E1413,Phosphated distarch phosphate,0.0563,0.16,65,14,0.228,41.0,Low negative evidence,APPROVED,SEGURO
en:e209,E209,Heptylparaben,0.0756,0.22,121,43,0.36,72.0,Low negative evidence,APROVED,SEGURO
en:e331i,E331I,Monosodium citrate,0.0,0.03,5,0,0.0,50.0,Insufficient research (5 papers),APROVED,SEGURO
